id,country,production_id
tm19608,EG,1
tm16479,US,2
tm204541,EG,1
tm135083,EG,1
tm44204,US,2
tm44204,GB,3
tm10204,IN,4
tm27298,EG,1
tm185072,US,2
tm71909,IN,4
tm67378,US,2
tm119281,US,2
ts22164,GB,3
tm75975,IN,4
tm14873,US,2
tm156453,US,2
tm139885,US,2
tm139885,FR,5
tm139885,IR,6
tm190788,US,2
tm107372,IN,4
tm127384,GB,3
ts25028,US,2
tm90896,DZ,7
tm90896,EG,1
tm84618,US,2
tm14350,EG,1
tm70993,GB,3
tm100027,IN,4
tm100027,SU,8
tm69997,US,2
tm69778,JP,9
tm98978,US,2
tm94651,IN,4
tm96649,US,2
ts987,GB,3
tm130586,US,2
ts22082,US,2
tm41289,US,2
tm47673,EG,1
tm62924,GB,3
tm52274,FR,5
tm52274,LB,10
tm54450,US,2
ts21715,GB,3
tm2386,US,2
tm180542,US,2
tm180542,IT,11
tm126769,AR,12
tm258072,US,2
tm114356,US,2
tm117580,US,2
tm111075,US,2
tm119776,US,2
tm20712,US,2
tm22327,GB,3
tm22327,US,2
tm24110,US,2
ts63001,US,2
tm40103,JP,9
tm55091,US,2
tm51083,US,2
tm38736,US,2
ts23753,US,2
ts20678,US,2
tm446654,IN,4
tm132694,US,2
tm137013,US,2
tm138875,US,2
ts20681,US,2
tm159912,IN,4
tm145608,US,2
tm157603,IN,4
tm157853,US,2
tm151332,EG,1
tm151332,FR,5
tm155792,HK,13
tm155792,US,2
tm147829,US,2
tm7032,IT,11
tm7032,LB,10
tm7032,BE,14
tm7032,FR,5
tm7073,US,2
tm6859,US,2
tm7810,US,2
tm8446,US,2
tm8446,HK,13
tm424630,US,2
tm121879,US,2
ts20960,US,2
ts20927,US,2
tm204173,IN,4
tm186589,IT,11
tm186589,US,2
tm186589,FR,5
tm184326,IN,4
tm184205,US,2
tm189433,US,2
tm189433,FR,5
tm190811,US,2
tm256669,IN,4
tm187791,US,2
tm187187,US,2
tm189764,US,2
tm188606,GH,15
tm188606,GB,3
tm188606,US,2
tm188606,BF,16
tm188606,DE,17
tm189171,AR,12
tm189171,ES,18
tm190486,HK,13
tm190486,US,2
ts21684,AU,19
ts22193,US,2
ts22193,CA,20
ts21693,US,2
tm118438,IN,4
tm122434,US,2
tm117873,IN,4
tm184502,IN,4
tm113576,US,2
tm117840,EG,1
tm117840,FR,5
tm117488,US,2
tm118256,IN,4
ts22489,CA,20
ts22489,US,2
ts20983,JP,9
tm12876,IN,4
tm9323,US,2
tm314602,IN,4
tm10811,US,2
tm10739,US,2
tm10739,CA,20
tm12499,US,2
tm8859,IN,4
tm11556,US,2
tm11556,JP,9
tm12482,IN,4
ts20939,US,2
tm110766,US,2
tm110766,FR,5
tm110766,DE,17
tm110766,PS,21
tm106462,US,2
tm107659,US,2
ts22176,US,2
ts22176,CA,20
tm191387,PE,22
tm191387,US,2
tm191387,BR,23
tm191848,DE,17
tm191848,US,2
tm191989,US,2
tm191431,US,2
tm191431,HK,13
tm192405,US,2
tm191374,US,2
tm191614,EG,1
tm191614,FR,5
tm191772,US,2
tm192199,US,2
tm192037,US,2
tm55553,US,2
tm48430,US,2
tm46173,US,2
tm57554,US,2
tm65686,US,2
tm173551,US,2
tm128925,IN,4
tm56574,US,2
tm55732,US,2
tm110225,IN,4
tm189773,IN,4
tm110160,IN,4
tm9898,IN,4
tm61103,US,2
tm61103,DE,17
ts8570,US,2
tm53419,US,2
tm47530,IN,4
tm188970,GB,3
tm358653,IN,4
tm52083,BE,14
tm52083,FR,5
tm52083,NO,24
tm52083,LB,10
tm56033,FR,5
tm56033,IE,25
tm56033,GB,3
tm56033,DE,17
tm125985,JP,9
tm49037,JP,9
tm21596,DE,17
tm21596,US,2
tm17721,US,2
tm55100,IN,4
tm58893,IN,4
ts21223,JP,9
tm43399,IN,4
tm200475,LB,10
tm190835,JP,9
tm449775,IN,4
tm449775,SU,8
tm259855,FR,5
tm259855,LB,10
tm259855,CA,20
tm259684,FR,5
tm259684,LB,10
tm259684,CA,20
tm105716,IN,4
tm44402,US,2
tm44402,DE,17
tm67635,IN,4
ts22039,FR,5
tm63514,US,2
ts5145,US,2
tm348735,IN,4
tm47523,US,2
tm137143,GB,3
tm137143,US,2
tm137143,DE,17
tm14491,US,2
tm19673,DE,17
tm19673,US,2
tm119111,US,2
tm89386,DE,17
tm19494,US,2
tm340430,IN,4
tm54903,US,2
tm34310,US,2
tm34310,DE,17
ts58175,US,2
tm44776,EG,1
tm44776,FR,5
ts20918,US,2
ts45948,,26
tm62176,IN,4
tm52815,IN,4
tm52871,IN,4
ts34435,JP,9
ts22080,FR,5
tm133914,GB,3
tm24877,US,2
tm62385,IN,4
tm48083,FR,5
ts18010,US,2
tm35463,US,2
tm41525,MX,27
ts22286,JP,9
tm27601,IN,4
ts11397,US,2
tm336403,IN,4
tm42397,IN,4
ts19036,US,2
ts19036,CA,20
tm344089,IN,4
ts21567,US,2
ts20981,US,2
tm371359,IN,4
tm311264,IN,4
tm203186,LB,10
tm114476,US,2
tm46436,CA,20
tm46436,US,2
ts21581,US,2
tm25389,IN,4
tm36475,IN,4
tm21911,US,2
tm118637,US,2
tm44486,US,2
tm111600,US,2
tm105329,US,2
tm152839,US,2
ts85138,US,2
tm334788,IN,4
tm57190,US,2
tm356209,IN,4
tm51493,TR,28
ts20398,AU,19
tm110923,PS,21
tm110923,FR,5
tm110923,MA,29
tm110923,DE,17
tm55303,US,2
tm58382,US,2
ts24028,GB,3
tm192301,IN,4
ts67595,CO,30
ts21664,US,2
tm145593,US,2
tm326102,IN,4
tm57169,US,2
tm57169,GB,3
ts28516,AR,12
ts21034,JP,9
ts22267,CA,20
tm61056,IN,4
ts31263,US,2
ts31263,BE,14
tm7951,US,2
tm42831,IN,4
tm109304,JP,9
tm109304,US,2
tm342996,IN,4
tm44634,US,2
tm21953,US,2
tm148379,US,2
tm112235,IN,4
tm133767,GB,3
tm133767,US,2
tm137342,US,2
tm66466,IN,4
tm102287,EG,1
tm111226,IN,4
tm139658,US,2
tm114504,IN,4
ts20358,US,2
tm49405,JP,9
tm116324,US,2
tm96595,IN,4
tm137362,US,2
tm142086,NZ,31
tm142086,JP,9
tm142086,US,2
tm112381,US,2
tm150214,IT,11
tm150214,US,2
ts2760,GB,3
tm81461,DE,17
tm81461,UY,32
tm81461,ES,18
tm81461,AR,12
ts75002,NO,24
tm81270,US,2
tm148270,US,2
tm230524,BR,23
ts56549,US,2
tm136808,US,2
tm136308,US,2
ts57705,HR,33
tm141707,US,2
tm141117,IN,4
tm144345,IN,4
tm88366,IN,4
tm254052,IN,4
ts17942,US,2
ts204466,CO,30
tm88382,CA,20
tm88382,US,2
tm411457,IN,4
tm89592,US,2
tm24088,US,2
tm134140,IN,4
tm89684,US,2
tm82985,US,2
ts22337,US,2
tm429382,US,2
tm148671,US,2
tm37546,AU,19
tm89036,US,2
tm105278,JP,9
tm82765,IN,4
tm82765,US,2
ts17156,US,2
ts32186,JP,9
tm129763,IN,4
tm160815,GB,3
tm160815,US,2
tm160815,AU,19
tm87672,MY,34
tm177068,US,2
tm167516,US,2
tm167516,DE,17
tm130301,IN,4
tm79895,US,2
tm88738,GB,3
tm88738,US,2
tm135795,FR,5
tm135795,LB,10
tm419052,IN,4
tm39030,GB,3
tm39030,US,2
tm39030,BS,35
tm39030,CZ,36
tm39030,DE,17
tm93004,IN,4
tm82718,TR,28
tm27268,US,2
tm86995,US,2
ts20339,JP,9
ts26091,FR,5
ts687,US,2
ts2230,US,2
tm159310,US,2
tm159310,DE,17
tm39487,US,2
tm138902,JP,9
tm176528,FR,5
tm176528,JP,9
tm176528,US,2
tm165593,US,2
tm86051,IN,4
tm712151,ZA,37
tm160800,GB,3
tm160800,US,2
tm160800,CA,20
tm161263,DE,17
tm161263,US,2
tm89936,KR,38
tm172683,US,2
tm85689,IN,4
ts20305,JP,9
tm23935,US,2
ts21469,US,2
tm21467,CA,20
tm21467,DE,17
tm21467,US,2
tm170169,IN,4
tm31189,US,2
ts3371,US,2
ts12701,FR,5
ts35201,JP,9
tm368679,IN,4
tm22540,IN,4
tm89012,EG,1
tm26638,US,2
tm91125,IN,4
tm96052,AR,12
tm88343,IN,4
tm169949,US,2
tm22636,CA,20
tm84613,US,2
tm84613,GB,3
tm184913,US,2
tm153284,US,2
tm29555,US,2
tm154470,US,2
tm154470,DE,17
tm154470,IT,11
tm154470,GB,3
tm164557,HK,13
tm164557,JP,9
tm85243,CA,20
tm79442,DE,17
tm79442,ES,18
tm79442,US,2
tm79442,FR,5
tm23977,CL,39
tm23977,AR,12
tm160596,GB,3
tm160596,DK,40
tm160596,NL,41
tm160596,SE,42
tm160596,CZ,36
tm278681,US,2
tm29269,IN,4
tm23441,IN,4
tm32919,US,2
tm32919,DE,17
tm164591,IN,4
tm164389,IN,4
ts6495,US,2
tm86189,CA,20
tm86189,US,2
tm82442,US,2
tm82442,HK,13
tm169719,US,2
tm22342,US,2
tm176297,IN,4
tm166293,IN,4
ts63295,ES,18
ts63295,AR,12
ts21465,US,2
tm32885,IN,4
tm30170,IN,4
tm29737,US,2
tm29737,DE,17
tm29731,IN,4
tm78592,US,2
tm31187,GB,3
tm31187,US,2
tm252951,US,2
tm175687,US,2
tm36644,US,2
tm168921,US,2
tm39557,IN,4
tm89764,JP,9
tm120609,US,2
tm165809,IN,4
tm80339,JP,9
tm33729,IN,4
tm77649,US,2
tm254745,PS,21
tm40009,US,2
tm33981,CA,20
tm70222,IN,4
tm173624,US,2
tm168869,AU,19
tm28905,US,2
tm41508,US,2
tm84906,US,2
tm84906,IS,43
tm84906,GB,3
ts20573,GB,3
ts21421,ES,18
ts21421,GB,3
tm183963,US,2
tm83175,IN,4
tm311516,IN,4
ts21706,AU,19
tm25842,US,2
tm170873,US,2
tm23077,IN,4
ts12724,US,2
tm226362,Lebanon,44
tm72587,IN,4
tm64817,US,2
ts20604,US,2
tm141390,US,2
tm76066,US,2
tm36188,GB,3
tm36188,US,2
tm78767,US,2
tm183547,CA,20
tm183547,US,2
tm68191,DE,17
ts55720,US,2
tm22294,US,2
tm346951,SA,45
tm177687,JP,9
ts29199,US,2
ts29199,GB,3
tm78790,IN,4
tm178712,US,2
tm71119,US,2
tm33545,US,2
tm455636,US,2
tm77348,IN,4
tm21956,TH,46
tm21956,IN,4
tm30289,US,2
tm172482,IN,4
tm77863,IN,4
tm199700,DE,17
tm199700,GB,3
tm199700,US,2
tm199700,BE,14
tm199700,DK,40
tm178323,US,2
tm84316,IN,4
tm22989,US,2
ts20544,JP,9
tm84371,US,2
tm74780,US,2
tm26897,GB,3
tm26897,US,2
tm78067,US,2
tm233317,US,2
tm150260,US,2
tm22558,MY,34
tm161029,US,2
tm22493,US,2
ts55939,SE,42
ts11313,JP,9
tm133374,US,2
tm25029,TW,47
tm129971,IN,4
tm87484,US,2
tm109137,US,2
tm78671,US,2
ts4,US,2
ts13411,US,2
ts86169,US,2
tm80455,IN,4
tm21155,LB,10
tm21155,FR,5
tm85563,NG,48
tm85563,GB,3
tm85563,US,2
tm85563,AT,49
tm85563,FR,5
tm85563,DE,17
tm81864,HK,13
tm184224,US,2
tm64729,US,2
tm104933,US,2
ts35155,JP,9
tm192431,US,2
ts18465,GB,3
tm44530,IN,4
ts22018,US,2
tm176356,US,2
tm176356,CA,20
tm85369,IN,4
ts33559,GB,3
ts52849,GB,3
tm83786,IN,4
tm241875,US,2
tm154187,GB,3
tm154187,US,2
tm154187,AU,19
tm154187,DE,17
tm80059,JP,9
tm76399,PH,50
tm456513,US,2
ts12787,JP,9
tm681578,US,2
tm838765,US,2
tm466255,US,2
tm822907,US,2
tm467735,,26
ts20526,US,2
tm123789,US,2
ts89331,JP,9
tm466850,,26
ts89326,KR,38
tm681614,,26
tm884616,CL,39
ts190462,US,2
tm994923,MX,27
tm460149,ID,51
tm474405,PH,50
tm474405,JP,9
ts89231,US,2
ts89259,US,2
tm893816,US,2
ts188861,US,2
ts89895,US,2
tm469400,US,2
ts90234,US,2
ts89347,US,2
tm467299,US,2
tm464435,US,2
ts191698,GB,3
ts89832,KR,38
tm679284,US,2
ts235758,US,2
ts190452,ES,18
tm462809,ID,51
ts189422,NO,24
ts223344,TR,28
tm810642,IN,4
tm464284,HK,13
tm469966,FR,5
tm469966,QA,52
tm469966,MA,29
tm461349,US,2
tm684591,AE,53
tm679270,IN,4
tm848261,IN,4
tm857461,IN,4
ts189314,US,2
ts192297,GB,3
ts192297,NL,41
tm467955,,26
tm468824,,26
ts89330,JP,9
tm838705,US,2
ts192440,US,2
tm925218,HK,13
tm925218,CN,54
tm475430,CN,54
ts191285,CN,54
tm1001095,IN,4
ts225651,GB,3
tm841825,CA,20
tm841825,IE,25
tm841825,US,2
tm981475,ES,18
tm27275,EG,1
ts188840,US,2
ts42014,US,2
tm1020073,US,2
tm466854,IN,4
tm466832,JP,9
tm469025,,26
tm45720,KW,55
ts192196,US,2
ts89740,HK,13
ts42432,KR,38
ts187443,ES,18
tm467467,US,2
ts287438,ES,18
tm855340,IN,4
tm683841,HK,13
tm683841,PH,50
tm678022,US,2
ts85568,DE,17
tm1098060,,26
tm33067,IN,4
tm678035,AE,53
tm883189,US,2
ts90023,JO,56
ts288350,US,2
ts90980,US,2
tm675820,GB,3
tm166321,US,2
tm857051,IN,4
ts91087,KR,38
tm840723,IN,4
tm469193,SN,57
tm469193,BE,14
tm469193,FR,5
tm827508,US,2
tm216753,MX,27
ts87884,NG,48
ts90093,US,2
tm468651,ZA,37
ts187541,KR,38
ts221891,MX,27
tm362072,CA,20
tm362072,US,2
tm933826,IN,4
tm921416,IN,4
tm886214,IN,4
tm854786,IN,4
tm1038327,BR,23
tm1038327,IT,11
ts311985,US,2
tm940566,IN,4
ts188367,IN,4
tm677904,NG,48
ts191121,BR,23
tm474721,,26
ts90511,MX,27
ts90995,MX,27
tm474618,US,2
tm474618,MX,27
tm473813,IN,4
ts189405,BR,23
ts185885,DE,17
tm60292,US,2
tm60292,GB,3
tm65839,DK,40
tm73058,IN,4
ts90902,KR,38
tm472411,AU,19
ts90063,CN,54
ts187386,CA,20
tm916997,US,2
tm674494,NG,48
tm676905,,26
ts90466,HK,13
tm674099,IT,11
tm675171,US,2
tm472231,ID,51
tm674063,CA,20
tm674063,GR,58
tm674063,NZ,31
tm674063,GB,3
tm674063,AU,19
ts235655,US,2
tm886193,IN,4
ts187070,US,2
tm676311,US,2
tm856375,CA,20
tm1023388,FR,5
tm470252,US,2
ts188991,MX,27
ts188991,ES,18
ts90640,LB,10
tm674135,TR,28
tm673809,DE,17
tm678851,IN,4
tm885775,US,2
tm826563,US,2
tm675214,NG,48
ts88821,CN,54
tm670553,TW,47
tm884581,BR,23
tm863823,US,2
ts3666,JP,9
ts58155,CA,20
tm813372,IN,4
ts88352,KR,38
tm814150,FR,5
tm507191,TW,47
ts214463,US,2
ts214462,CO,30
tm474496,CL,39
tm851912,IN,4
ts91039,US,2
tm1167440,NL,41
tm813695,US,2
tm813078,QA,52
tm813078,MX,27
tm813078,US,2
tm813078,CH,59
tm813078,AR,12
tm813078,BR,23
tm813078,DE,17
ts214192,MX,27
ts214280,MX,27
tm813634,IN,4
tm834715,IN,4
ts89679,TW,47
ts213232,US,2
tm65142,JP,9
tm475836,US,2
tm813936,US,2
ts103209,US,2
tm813938,US,2
tm475783,US,2
tm95252,US,2
tm813929,NG,48
ts214579,JP,9
ts296153,US,2
tm983730,US,2
ts213820,US,2
tm920096,,26
ts90696,,26
tm813423,US,2
tm813423,NL,41
tm813423,CA,20
tm813423,LB,10
tm810423,US,2
tm812916,FR,5
ts213544,KR,38
tm813075,US,2
tm1038344,US,2
ts225716,FR,5
tm812998,TR,28
tm812593,CO,30
tm146887,IN,4
ts254656,US,2
tm812781,US,2
tm812783,,26
ts213611,TH,46
tm811954,IN,4
ts85515,TH,46
tm815438,EG,1
ts215166,JP,9
tm983270,US,2
tm360618,GE,60
tm59428,US,2
tm893799,BE,14
tm893799,FR,5
ts87599,CN,54
ts215178,US,2
ts252505,US,2
ts216493,JP,9
tm816038,JP,9
tm31564,US,2
ts76793,US,2
ts215012,US,2
tm993435,NZ,31
ts215046,LU,61
tm811971,,26
tm815509,,26
ts214861,US,2
ts215037,US,2
ts254568,DE,17
tm816983,KW,55
tm816992,HK,13
tm816992,CN,54
tm814894,ES,18
tm821143,US,2
tm817075,PL,62
tm816591,PL,62
ts215378,TR,28
tm816593,US,2
tm819950,CZ,36
tm819950,FR,5
tm819950,GB,3
tm1031016,NG,48
tm818266,LT,63
tm818266,NL,41
tm818266,BE,14
tm1002815,CA,20
tm1002815,US,2
tm818154,US,2
ts215869,,26
ts215862,US,2
tm454824,RU,64
tm453862,KR,38
tm818239,IN,4
tm832916,US,2
tm814953,ID,51
tm836674,US,2
ts215989,SE,42
ts216513,,26
tm935388,IN,4
ts246178,JP,9
tm1113921,,26
tm819641,,26
ts216474,IT,11
ts216407,US,2
tm819054,BE,14
tm819054,FR,5
ts215683,CN,54
tm819841,PH,50
tm819497,DE,17
tm817542,JP,9
ts215951,US,2
tm819107,US,2
tm819016,CO,30
ts215691,US,2
tm834291,,26
tm833638,JP,9
tm817284,ID,51
ts216744,,26
ts27459,CN,54
tm33113,US,2
tm33113,DE,17
tm974366,US,2
tm821662,IN,4
ts237722,US,2
tm821789,US,2
ts217045,JP,9
ts282155,IT,11
ts217050,,26
tm820190,KR,38
tm938227,US,2
tm935895,US,2
tm935895,IT,11
ts89656,CN,54
tm38896,US,2
ts288489,JP,9
tm822099,,26
tm822167,PH,50
ts217231,GB,3
tm822210,,26
tm822246,US,2
tm822271,ID,51
tm822272,ID,51
tm908529,MX,27
ts41961,US,2
ts217356,IN,4
ts217389,IN,4
tm823488,CA,20
tm822502,BR,23
ts85822,IN,4
tm856634,GB,3
tm856634,IN,4
tm822596,DE,17
tm821164,US,2
tm821164,JP,9
tm1147890,IT,11
ts223308,US,2
tm898474,FR,5
tm860261,US,2
ts89291,FR,5
ts218569,US,2
ts218564,US,2
tm827168,JP,9
tm827168,US,2
tm847998,US,2
ts90356,JP,9
ts218500,US,2
ts218504,CA,20
ts271726,US,2
ts218000,LB,10
tm825934,CA,20
tm825934,US,2
tm825952,US,2
tm1075215,US,2
tm825714,US,2
ts217719,US,2
ts218367,AR,12
tm840196,US,2
tm894619,CA,20
tm894619,US,2
ts218277,AR,12
ts218307,US,2
tm24576,JP,9
ts218176,US,2
tm948128,CH,59
tm948128,US,2
tm832903,BR,23
tm898614,US,2
ts256853,CN,54
tm825210,BR,23
tm983658,US,2
ts37200,FR,5
tm825102,US,2
tm825102,GB,3
ts90095,JO,56
tm1093099,US,2
ts218776,,26
tm827304,US,2
tm1020820,GB,3
tm1020820,US,2
tm835869,US,2
tm835869,IL,65
ts219895,US,2
tm929630,US,2
tm47325,FR,5
tm830151,ID,51
tm39896,US,2
tm824566,PS,21
tm824566,DK,40
tm824566,LB,10
ts218802,US,2
ts219660,JP,9
tm933639,US,2
tm977478,US,2
ts21979,FR,5
tm931436,FR,5
tm931436,JP,9
tm931436,GB,3
tm931436,US,2
tm931436,CA,20
ts213071,TH,46
tm827142,US,2
ts219561,US,2
ts80959,IN,4
ts279892,US,2
tm843938,IT,11
tm827648,US,2
ts219423,US,2
ts219422,KR,38
tm828570,IN,4
ts296472,DK,40
ts252758,US,2
tm160361,US,2
ts219162,US,2
ts289334,,26
tm1042481,CA,20
tm830833,US,2
tm832843,US,2
tm827216,GB,3
tm827216,US,2
tm832844,GB,3
tm919106,GB,3
tm827640,US,2
tm832684,US,2
tm820338,TW,47
ts220751,CA,20
ts219101,FR,5
tm832463,IN,4
tm824559,US,2
tm832345,PL,62
tm832289,NG,48
tm824560,NG,48
tm918706,US,2
ts256007,SE,42
ts300391,AU,19
ts300391,US,2
ts220553,GB,3
ts223084,TW,47
ts220552,US,2
ts220552,FR,5
tm993838,AU,19
tm29028,ES,18
tm29028,CH,59
tm29028,PS,21
tm29028,BE,14
tm29028,FR,5
tm831934,NG,48
tm932609,IT,11
tm831873,AR,12
tm828317,GB,3
ts220196,US,2
ts220305,KR,38
ts287836,BE,14
ts221851,KR,38
tm31335,IN,4
ts225657,US,2
tm828326,US,2
tm833361,,26
tm836501,,26
tm849323,IN,4
ts236182,US,2
ts221174,CN,54
tm885805,US,2
tm76835,IN,4
tm852662,IT,11
ts22011,CA,20
tm76029,GB,3
tm76029,FR,5
tm76029,LB,10
ts287722,US,2
tm835512,US,2
tm945448,FR,5
tm836077,CO,30
ts42156,CA,20
ts222049,US,2
tm834664,US,2
tm820116,FR,5
tm833216,US,2
tm835958,CA,20
tm824855,PH,50
ts221200,US,2
ts271517,US,2
tm835486,US,2
ts222599,US,2
ts221151,US,2
tm835445,US,2
tm835432,ES,18
tm834608,UY,32
ts221363,DE,17
ts222362,,26
ts222512,,26
tm848443,IN,4
tm845594,IN,4
tm867288,,26
tm862830,ZA,37
tm922788,US,2
ts87372,JP,9
tm867681,IN,4
tm918373,US,2
ts216522,JP,9
tm837843,US,2
tm837843,GB,3
tm837843,DE,17
ts223450,KR,38
ts222367,DE,17
ts282131,GB,3
tm27484,IN,4
tm885669,US,2
tm836449,JP,9
ts223238,KR,38
tm924556,IN,4
ts144323,US,2
tm838022,IN,4
tm852060,AR,12
ts228255,FR,5
tm839479,PH,50
ts228502,US,2
ts321918,US,2
tm140389,FR,5
tm140389,GB,3
tm140389,US,2
tm868777,US,2
ts237972,IS,43
tm987730,IN,4
tm840208,GB,3
tm972519,IT,11
ts222333,US,2
ts255926,US,2
tm890660,ES,18
tm840236,ID,51
ts222634,BR,23
tm869307,NG,48
tm869475,IN,4
tm1027177,IN,4
ts221749,JP,9
ts223659,IN,4
tm841239,US,2
ts229123,IN,4
ts222625,CN,54
tm854876,IT,11
tm919961,HU,66
tm919961,US,2
tm919961,CA,20
tm842976,AR,12
tm840216,US,2
tm840438,,26
tm863514,IN,4
ts222455,US,2
ts222455,IL,65
tm840224,US,2
ts222803,PE,22
ts222803,AR,12
ts223110,US,2
tm842869,FR,5
ts229335,SE,42
tm27168,US,2
tm850454,US,2
tm1160424,TH,46
tm1110241,IN,4
tm1002408,DE,17
tm844201,US,2
tm845942,US,2
ts229537,US,2
ts222980,US,2
ts188031,US,2
tm75544,IN,4
ts229700,,26
tm141648,US,2
tm141648,GB,3
tm141648,CN,54
tm141648,CA,20
tm982470,TR,28
tm1036797,IN,4
ts222942,US,2
ts222687,,26
ts223098,BR,23
tm888243,US,2
tm863611,IN,4
tm1092864,DE,17
tm1092864,GB,3
tm1092864,US,2
tm156001,US,2
ts223240,KR,38
tm858954,PL,62
ts222835,DE,17
tm871330,US,2
tm844662,US,2
tm1027639,IN,4
tm843276,AR,12
ts272185,KR,38
ts23319,GB,3
ts222802,CN,54
tm852775,IN,4
tm984204,US,2
tm148147,CA,20
tm148147,US,2
tm1187913,ES,18
tm844642,US,2
ts222933,FR,5
ts226468,IT,11
tm863829,ID,51
ts87361,AU,19
tm846166,CN,54
tm846166,DE,17
tm846166,GB,3
tm1166288,CA,20
ts68146,GB,3
tm845616,TH,46
ts221041,TH,46
tm936236,NO,24
tm936236,FI,67
tm856378,US,2
tm1022912,IN,4
tm849599,AR,12
ts222864,CN,54
tm1151272,IN,4
ts223126,US,2
tm979182,SE,42
ts270910,US,2
ts222917,US,2
tm845607,US,2
tm845020,,26
tm846586,ID,51
tm830795,TH,46
ts12815,US,2
ts223210,US,2
ts223210,GB,3
tm843768,US,2
tm844513,BR,23
ts222901,TW,47
tm977704,GB,3
ts223537,US,2
ts227473,US,2
tm1110205,MX,27
tm998033,IN,4
ts222606,KR,38
tm976519,US,2
tm845532,US,2
tm847630,IT,11
tm872108,US,2
tm845415,US,2
tm846964,US,2
ts223589,US,2
tm845535,GB,3
tm845535,US,2
tm845535,CN,54
tm845484,US,2
ts219080,SE,42
ts87471,JP,9
tm844208,ES,18
tm872496,PL,62
tm897794,NG,48
ts218890,JP,9
tm919864,IN,4
ts223981,US,2
tm990972,IT,11
tm872732,GB,3
ts223982,FR,5
ts230973,JP,9
tm1142245,IN,4
tm143938,US,2
tm873159,CN,54
ts231159,,26
ts224261,DE,17
tm983722,PL,62
tm898699,US,2
tm847085,US,2
ts314742,US,2
ts231260,,26
tm873354,,26
tm873357,,26
tm855827,US,2
ts223759,US,2
tm946795,NG,48
tm850822,,26
tm873655,NG,48
ts75263,US,2
tm847629,GB,3
tm851860,MX,27
ts223456,US,2
tm941531,IT,11
ts80720,CN,54
tm1019865,IN,4
tm844978,GT,68
tm844978,UY,32
ts221472,EG,1
ts223121,TH,46
tm1166024,GB,3
tm942240,BR,23
tm942240,MX,27
tm131038,US,2
tm839761,PH,50
tm854454,IN,4
ts225539,KR,38
ts226410,CN,54
tm851128,FR,5
ts288353,BR,23
ts82085,JP,9
tm839411,IT,11
ts223948,,26
tm848444,SA,45
tm863992,ES,18
tm62369,CN,54
tm62369,HK,13
tm851346,US,2
ts224906,CN,54
ts232107,KR,38
ts284885,XX,69
tm859005,AR,12
tm954297,BR,23
ts224859,US,2
ts35628,CA,20
tm1024062,IN,4
tm852996,US,2
tm36164,JP,9
tm1027081,GB,3
tm1027081,DE,17
tm851499,IN,4
ts232506,TR,28
ts189629,AR,12
tm173195,US,2
tm173195,HU,66
tm173195,IT,11
tm875736,,26
tm846354,ID,51
tm893874,IN,4
tm926528,IN,4
tm917974,US,2
tm1003034,PL,62
tm1003034,KR,38
tm1003034,US,2
tm876083,ES,18
tm851599,ID,51
ts306090,JP,9
tm917822,US,2
ts302312,ES,18
tm985550,ES,18
tm876608,ES,18
ts233367,ES,18
tm1142224,GB,3
ts285422,EG,1
tm36636,IN,4
ts304505,US,2
tm852728,ID,51
ts273318,US,2
ts233530,,26
tm876997,IN,4
ts225377,IO,70
tm998726,FR,5
ts22005,CA,20
ts233732,,26
tm854669,US,2
tm154375,IN,4
tm1087956,US,2
tm846630,ID,51
tm877456,US,2
ts224303,CN,54
tm946869,US,2
tm993670,US,2
ts90789,US,2
tm853910,MX,27
tm856945,CA,20
tm856945,US,2
tm925186,AO,71
tm925186,ZA,37
ts223192,KR,38
tm877681,US,2
tm877746,,26
tm453850,KR,38
tm52352,US,2
tm102337,US,2
tm937814,US,2
tm937814,AT,49
tm937814,GB,3
tm35895,BR,23
tm854261,TR,28
tm57586,IN,4
tm898842,,26
ts223895,KR,38
tm1033470,US,2
tm858000,JP,9
tm857399,US,2
tm856593,US,2
ts222325,DE,17
tm878333,JP,9
tm981676,BR,23
tm1047951,NG,48
ts225544,US,2
ts234505,FR,5
ts227305,US,2
ts226588,US,2
tm857397,AR,12
ts315066,FR,5
ts234501,US,2
tm878492,NG,48
tm878495,,26
ts225787,US,2
ts225645,US,2
tm878575,ID,51
ts242210,KR,38
tm1101878,US,2
tm54147,US,2
tm54147,IN,4
tm152724,IN,4
ts234817,US,2
tm933447,,26
tm857187,US,2
tm878842,US,2
tm1080697,TZ,72
tm1080697,GB,3
tm971819,,26
tm142564,IN,4
ts225708,SA,45
tm878995,US,2
tm59880,US,2
tm1022103,ES,18
tm1040337,IT,11
tm1138477,US,2
ts288065,US,2
tm863280,MY,34
ts222988,AU,19
tm881162,US,2
tm907704,US,2
ts268592,XX,69
tm879556,US,2
tm879609,GB,3
tm879609,CA,20
tm879685,,26
tm1138870,IN,4
tm918777,ID,51
ts237109,MX,27
ts235563,MX,27
ts283080,MX,27
ts235689,CN,54
ts235689,TW,47
ts57080,US,2
ts235916,IN,4
tm1143258,IN,4
tm881984,IN,4
tm852097,JP,9
ts237104,GB,3
ts226617,US,2
ts226602,US,2
tm898285,,26
ts287045,TR,28
ts237096,US,2
ts227412,GB,3
tm881891,US,2
tm883070,SE,42
tm866782,TR,28
tm853783,GB,3
ts21197,GB,3
tm855075,JP,9
tm1037519,CA,20
tm887450,CA,20
ts225410,MX,27
ts236531,US,2
tm884369,CA,20
ts218888,JP,9
tm886188,IT,11
tm150521,HK,13
tm854682,MX,27
ts236332,US,2
tm882887,US,2
tm882887,AR,12
ts236747,US,2
ts244930,US,2
ts242244,JP,9
ts215718,KR,38
ts236051,ES,18
tm885948,IN,4
tm899554,GH,15
tm34524,JP,9
tm414584,US,2
tm414584,CN,54
ts45322,CN,54
tm883441,ES,18
ts235979,TW,47
ts237071,JP,9
ts25765,JP,9
ts78913,KR,38
ts154625,FR,5
ts239188,AT,49
ts239188,DE,17
tm887369,US,2
tm34331,US,2
tm97544,IN,4
tm97544,CA,20
tm97544,US,2
tm855483,US,2
tm849937,MU,73
ts237487,US,2
tm1075698,US,2
ts237111,AR,12
tm904862,NL,41
ts236653,US,2
tm887052,US,2
ts237556,CO,30
ts236769,US,2
ts236725,US,2
tm975616,BR,23
tm16812,IN,4
tm93225,US,2
tm93225,AU,19
ts60663,SG,74
ts237208,GB,3
ts237208,US,2
tm30205,HK,13
tm30205,CN,54
tm32915,IN,4
tm52176,IN,4
ts243780,SG,74
ts243780,US,2
tm866495,ID,51
tm890674,US,2
ts29581,SG,74
ts251675,KR,38
tm44378,CL,39
tm894241,IN,4
ts225430,KR,38
ts222609,KR,38
tm849871,,26
tm856545,AR,12
tm898322,NG,48
tm833382,TR,28
tm94606,GB,3
tm94606,US,2
tm1087383,SE,42
tm37945,IN,4
ts240453,SE,42
tm156575,IN,4
ts237560,US,2
ts237513,JP,9
tm90864,US,2
ts82281,JP,9
ts243189,,26
tm892081,US,2
tm893510,IN,4
ts34414,CO,30
tm1087461,GB,3
tm1087461,SE,42
tm147211,GB,3
tm147211,US,2
tm893680,US,2
tm896246,US,2
ts240807,,26
ts242820,US,2
ts84993,US,2
ts329882,ES,18
tm1046627,CA,20
tm212968,US,2
tm898773,IN,4
tm901947,TW,47
tm901961,TH,46
ts77405,KR,38
ts256783,US,2
tm890479,US,2
tm49865,IN,4
tm217228,US,2
tm1000551,NG,48
tm902993,US,2
tm148041,IN,4
ts241248,US,2
ts241248,GB,3
ts241246,,26
ts250920,US,2
ts241296,,26
tm28024,PH,50
ts236850,LB,10
tm902870,US,2
ts223404,KR,38
tm910612,BE,14
ts250172,BR,23
tm1099342,,26
tm910999,MX,27
tm907872,,26
ts238316,,26
tm1149814,ZA,37
ts250092,JP,9
ts237751,PH,50
ts223242,KR,38
tm155761,IN,4
tm925785,,26
tm842817,NG,48
ts250803,GB,3
ts250803,US,2
ts250801,MX,27
tm201222,SE,42
tm201222,CA,20
tm201222,FI,67
tm201222,FR,5
tm201222,DE,17
tm1027712,AU,19
tm908777,BR,23
tm970327,,26
ts252166,KR,38
ts267062,ZA,37
tm918043,IN,4
ts266966,KW,55
ts266898,BR,23
tm912415,,26
tm946277,IN,4
ts251094,IN,4
ts251094,US,2
ts250997,US,2
tm912373,US,2
ts250872,US,2
ts251272,US,2
ts250912,US,2
tm912399,FR,5
ts250871,US,2
tm912400,GB,3
tm912327,KR,38
tm318206,US,2
tm917325,US,2
ts1464,CO,30
ts238242,CO,30
ts272463,US,2
ts265991,ES,18
ts265844,,26
ts251119,TH,46
tm938466,NL,41
tm810504,KR,38
tm35652,IN,4
ts251072,TH,46
ts85985,US,2
tm976166,US,2
tm991529,IT,11
tm853485,,26
tm160371,US,2
tm234980,TW,47
tm918026,,26
tm853113,,26
ts343427,US,2
ts268758,IN,4
tm927926,MX,27
ts251378,BR,23
tm918894,FR,5
tm917999,US,2
tm918960,CA,20
tm46867,IN,4
tm965754,,26
ts85953,US,2
tm149209,IN,4
ts314648,GB,3
ts264270,GB,3
ts264270,US,2
ts251616,DE,17
ts251607,,26
tm1092075,NL,41
tm965408,,26
ts251617,US,2
ts251621,US,2
ts251512,US,2
ts251618,GB,3
ts251615,US,2
ts251782,US,2
tm919082,GB,3
ts251929,US,2
tm50018,US,2
ts252141,AU,19
tm928541,US,2
tm1039147,US,2
tm919920,IN,4
tm980097,IT,11
tm921206,US,2
tm921206,ZA,37
tm921206,GB,3
tm919880,US,2
tm919880,GB,3
ts26322,JP,9
tm810547,KR,38
tm919903,MX,27
tm919903,CO,30
tm919903,FR,5
ts252015,US,2
tm1038355,FR,5
ts237713,US,2
tm44749,EG,1
ts250800,BR,23
tm943774,US,2
tm458292,KR,38
tm232673,US,2
tm232673,GB,3
tm86803,US,2
ts251560,KR,38
ts225102,KR,38
tm963182,US,2
tm183037,DE,17
tm183037,IN,4
ts15986,GB,3
tm927033,CA,20
tm963023,IN,4
ts225101,KR,38
ts253288,US,2
tm922532,DE,17
ts252661,ES,18
ts88841,KR,38
tm1070032,DE,17
tm947555,US,2
ts252318,US,2
tm1066826,US,2
ts262246,GB,3
tm863808,ZA,37
tm863808,GB,3
ts262228,,26
tm357589,GB,3
tm357589,US,2
tm357589,FR,5
tm935993,TW,47
tm138672,US,2
ts262037,KR,38
tm101609,IN,4
tm166548,US,2
ts252341,US,2
ts255418,XX,69
ts252695,US,2
ts253722,US,2
tm43179,IN,4
ts252122,KR,38
tm1037704,US,2
tm929600,BR,23
ts252856,US,2
ts254600,US,2
ts254293,US,2
tm1039422,GB,3
ts254817,DE,17
ts328194,KR,38
tm135451,US,2
tm38454,US,2
ts261583,NG,48
tm929614,FR,5
ts89372,KR,38
tm927286,GB,3
ts256134,US,2
tm934040,US,2
ts254537,BR,23
tm1191224,PL,62
tm1102226,IT,11
ts254767,,26
tm974195,JP,9
ts273245,US,2
tm244149,US,2
tm960924,IN,4
tm1048362,DE,17
tm1048362,US,2
tm1037687,SE,42
tm1080114,US,2
tm935941,GB,3
ts225718,FR,5
tm990983,TR,28
ts260502,PT,75
ts260477,NO,24
tm960414,US,2
tm1092958,RO,76
tm1092958,US,2
tm960430,JP,9
tm931330,KR,38
tm938333,,26
ts253813,PT,75
tm1065788,TR,28
tm1003630,FR,5
tm1003630,US,2
ts255104,US,2
tm1003725,US,2
tm1003725,GB,3
tm1172010,,26
tm960145,FR,5
tm921230,ID,51
tm923612,JP,9
ts283676,US,2
tm1028026,IN,4
tm1088320,GB,3
tm938434,MY,34
tm1046026,NO,24
ts254592,US,2
tm937265,MX,27
tm140653,HK,13
ts76645,US,2
tm959213,PH,50
tm130574,US,2
ts254916,,26
tm958984,,26
tm943808,AR,12
tm945435,,26
tm945831,US,2
tm945168,EG,1
tm945168,US,2
ts286317,US,2
ts58025,US,2
ts255880,US,2
tm937044,FR,5
tm958688,TR,28
tm1049265,PL,62
ts21740,JP,9
tm954303,ES,18
tm954303,CO,30
ts255037,US,2
ts251028,TW,47
tm977464,,26
tm155774,DE,17
tm155774,KW,55
tm155774,PS,21
tm155774,FR,5
tm944631,MX,27
tm957903,US,2
ts269844,IN,4
tm957792,,26
tm101334,US,2
tm183523,US,2
ts255486,JP,9
ts258415,DK,40
tm943718,US,2
tm56428,CA,20
tm145243,IN,4
ts258321,US,2
tm1038857,GB,3
tm1038857,US,2
ts255809,AR,12
tm918258,AR,12
tm918258,CO,30
ts258169,US,2
tm943771,IE,25
tm943771,US,2
tm954606,DE,17
tm1000296,CN,54
tm134407,IN,4
ts268560,KR,38
ts257873,AU,19
tm944331,US,2
tm176630,US,2
ts304058,FR,5
tm946604,AT,49
ts255823,PH,50
ts94470,,26
ts257817,IN,4
tm880822,JP,9
tm945825,US,2
tm998899,CM,77
tm34924,HK,13
ts257504,ES,18
tm1073555,IN,4
tm1040671,IT,11
ts256072,US,2
ts256309,AU,19
ts256297,TW,47
ts343432,TR,28
ts257345,TR,28
ts328605,TR,28
ts313781,TR,28
tm1029314,TR,28
tm948607,CA,20
ts257315,US,2
tm984018,US,2
ts257301,CA,20
ts257271,ES,18
ts273229,ES,18
tm1043290,ES,18
tm1108648,ES,18
tm997608,ES,18
ts330132,ES,18
tm947446,PH,50
ts257243,US,2
tm144835,US,2
tm1115392,IN,4
tm1178876,NO,24
ts316965,US,2
ts317297,JP,9
tm949267,AR,12
tm946801,BR,23
tm926580,JP,9
ts312071,JP,9
ts273485,JP,9
ts256311,JP,9
ts283284,IN,4
ts256606,US,2
ts256710,US,2
tm1063034,US,2
tm138497,CA,20
tm1004219,,26
ts256764,CN,54
ts256764,US,2
tm1049290,PL,62
tm881587,ID,51
tm915354,TW,47
tm34846,JP,9
ts268890,KR,38
tm985215,PH,50
tm957567,DE,17
tm1005077,,26
tm88045,US,2
tm980439,,26
tm977997,US,2
tm1005109,KR,38
tm941382,JP,9
tm973536,US,2
ts271867,KR,38
ts274575,US,2
tm981675,US,2
tm1005937,NG,48
tm1038364,TH,46
tm975398,DE,17
ts269073,IN,4
ts269280,ZA,37
tm981956,US,2
tm1006127,US,2
tm92977,IN,4
ts331448,ES,18
tm982018,US,2
tm975765,BR,23
ts268508,GB,3
tm1120509,US,2
tm1018418,US,2
tm977184,US,2
tm977772,,26
ts268648,BR,23
ts269442,,26
ts275111,US,2
ts269740,ZA,37
ts268608,GB,3
ts301999,PL,62
tm976797,,26
tm1031976,IN,4
tm152413,MY,34
tm1020293,SA,45
ts282291,IT,11
ts31593,KR,38
tm130647,US,2
tm130647,CA,20
tm130647,FR,5
tm982569,US,2
tm977620,JP,9
tm977782,CA,20
tm1109843,IN,4
tm983849,,26
tm1020701,MX,27
ts269157,FR,5
ts297729,,26
ts269286,ES,18
ts270439,US,2
tm981451,GB,3
tm981451,US,2
ts269501,AR,12
ts288832,US,2
tm1020851,US,2
tm1020851,AU,19
tm1049317,CN,54
tm984935,,26
tm982887,US,2
tm980657,CN,54
tm980657,TW,47
tm1018592,ID,51
ts269690,US,2
tm981770,,26
tm925702,SG,74
tm1120543,US,2
tm982100,US,2
ts269493,US,2
ts269676,US,2
tm1092892,US,2
tm1092892,CN,54
ts271321,KR,38
tm983668,BE,14
tm983668,GB,3
tm983668,DE,17
tm987599,US,2
ts29800,US,2
tm983466,US,2
tm136257,US,2
tm136257,GH,15
ts271413,US,2
ts268997,TW,47
ts310057,US,2
ts270616,US,2
tm993616,SA,45
ts277126,IL,65
ts270405,US,2
ts271025,US,2
tm244274,US,2
tm831387,KR,38
tm996996,FR,5
ts270807,KR,38
ts269881,JP,9
tm1119136,TH,46
tm1011188,NL,41
tm1011248,,26
tm988879,FR,5
tm1111595,US,2
ts272515,FR,5
ts21688,KR,38
ts225162,US,2
ts271048,,26
ts268835,KR,38
tm1102891,TR,28
tm142153,IN,4
tm988801,ID,51
tm986700,PL,62
tm1106212,ID,51
ts270465,IT,11
tm103133,IN,4
ts306322,SE,42
tm976632,IN,4
tm92641,GB,3
tm92641,US,2
tm93055,US,2
tm1021689,,26
tm181092,IN,4
tm823350,BR,23
tm988613,IN,4
tm975741,CN,54
tm975741,GB,3
tm1013111,ES,18
ts268099,US,2
ts314962,IT,11
tm985712,US,2
ts271593,US,2
ts76771,US,2
tm1013697,NG,48
ts270798,KR,38
tm989672,US,2
tm834653,EG,1
tm834653,SA,45
tm1166020,FR,5
tm1077201,BE,14
tm1077201,FR,5
tm843345,KR,38
tm843345,US,2
ts271595,US,2
tm991351,GB,3
ts223115,TH,46
tm1000185,PL,62
ts287853,BE,14
ts287853,LU,61
ts272422,US,2
tm995613,,26
tm1014599,NG,48
tm101249,US,2
tm102740,US,2
tm989502,KR,38
tm322243,CA,20
tm322243,US,2
tm74848,CA,20
tm74848,US,2
tm103095,CN,54
tm103095,HK,13
tm1014947,DK,40
tm1014947,IS,43
ts273317,IN,4
ts272980,GB,3
tm1015103,,26
ts275448,KR,38
ts279953,KR,38
ts286386,US,2
ts236347,JP,9
tm1015303,,26
tm139349,US,2
tm130999,IN,4
tm1015884,ZA,37
tm998858,US,2
tm95507,IN,4
tm1001267,RU,64
tm1001267,US,2
ts272092,US,2
tm988736,,26
tm942277,IL,65
tm942277,US,2
tm96168,IN,4
ts280892,IT,11
ts36630,US,2
ts281062,NO,24
ts272366,US,2
tm101540,IN,4
ts38718,CA,20
tm1141594,US,2
ts317709,PL,62
ts273436,US,2
tm1141923,US,2
ts21695,KR,38
tm167232,GB,3
tm167232,FR,5
tm167232,DE,17
ts270742,KR,38
ts287703,KR,38
tm1024535,VN,78
tm1017664,IT,11
tm1000599,BR,23
tm1038025,ZA,37
ts241486,JP,9
ts272669,US,2
tm999927,MX,27
ts273275,US,2
tm90190,US,2
tm985747,TW,47
ts21247,US,2
ts272939,US,2
tm1001108,US,2
tm1160484,,26
ts273100,US,2
tm1038096,BR,23
tm1003261,US,2
ts285106,,26
tm1119272,US,2
tm1002869,GB,3
tm1002869,IT,11
ts282876,ES,18
tm1025318,IN,4
tm996316,,26
tm1025493,IN,4
tm1025616,,26
tm1003376,BR,23
tm1003353,US,2
ts271604,JP,9
tm170758,US,2
tm1182144,ES,18
ts285874,ES,18
tm1185388,IT,11
ts343430,FR,5
tm154802,IN,4
tm1018890,US,2
ts311915,MX,27
ts283528,CA,20
tm1159163,US,2
ts288540,IN,4
ts283610,IN,4
tm1000797,JP,9
ts283614,FR,5
ts283614,IT,11
ts283639,IN,4
ts320075,IN,4
ts289620,IN,4
tm1033803,IN,4
tm1080252,BR,23
ts282214,TH,46
ts288472,KR,38
ts225855,KR,38
ts282840,US,2
ts289757,IN,4
tm140342,AU,19
tm140342,US,2
ts289982,TH,46
ts289261,US,2
ts271720,JP,9
tm147686,US,2
ts285471,US,2
tm1043655,NG,48
tm104880,US,2
tm1097142,EG,1
ts306135,,26
tm1029256,NL,41
tm1029256,BE,14
tm100688,ES,18
tm100688,FR,5
tm100688,MX,27
ts23808,US,2
ts284702,US,2
tm1119015,JP,9
tm1092309,JP,9
tm1026043,KE,79
tm1137862,IT,11
ts296825,FR,5
tm1052498,US,2
ts61384,US,2
ts290643,JP,9
tm98475,IN,4
tm1029279,US,2
tm1096775,US,2
tm174683,GB,3
tm174683,US,2
tm159796,CA,20
tm159796,FR,5
tm1053409,ZA,37
tm1102868,PL,62
ts226392,PL,62
tm1068632,PL,62
tm1083068,PL,62
tm1110389,CA,20
tm1031448,US,2
ts285470,US,2
ts285469,US,2
tm1030283,US,2
ts291150,BE,14
tm1054462,PL,62
tm1031186,ES,18
tm996010,IT,11
tm996040,IT,11
ts1893,GB,3
ts291718,US,2
tm1144897,TR,28
tm1165118,TR,28
tm1040733,US,2
tm1031499,BR,23
ts286218,CN,54
tm98975,IN,4
tm1102570,,26
ts8308,US,2
ts300456,US,2
tm72140,US,2
tm1055586,,26
tm979688,JP,9
tm1177856,PE,22
tm1177856,ES,18
tm1040816,PH,50
ts292270,,26
tm69386,GB,3
tm97325,IN,4
tm1001619,TW,47
ts292446,IN,4
ts297247,US,2
ts288744,KR,38
tm1107225,ES,18
tm1164962,FR,5
tm1164962,BE,14
tm102848,IN,4
tm1195032,IN,4
ts287941,KR,38
tm1152224,TR,28
ts287294,US,2
ts287687,IO,70
ts293103,CO,30
tm1082795,CO,30
tm1120855,US,2
ts287729,IN,4
ts293346,US,2
tm95238,US,2
tm95238,CA,20
ts288005,KR,38
ts297483,KR,38
ts317720,US,2
ts341760,AU,19
tm1110212,ZA,37
tm1041543,US,2
tm1079334,US,2
tm1079334,NL,41
tm1037800,AR,12
tm1166015,IT,11
ts317423,ES,18
ts70843,TW,47
tm1038686,US,2
tm1045603,MX,27
ts293814,,26
ts280693,,26
tm1039168,IN,4
ts288997,US,2
tm180599,US,2
tm160621,US,2
tm1059008,CO,30
tm1066324,,26
tm1141439,US,2
ts283159,HK,13
ts287838,KR,38
tm1047190,GB,3
tm1047190,US,2
ts311989,US,2
tm861018,KR,38
tm843408,,26
tm1040688,AF,80
tm1045883,ZA,37
ts288544,JP,9
tm1045018,NG,48
tm1045018,CA,20
ts286731,JP,9
tm1120902,DE,17
tm882700,ES,18
ts287741,US,2
tm244325,GB,3
tm244325,DE,17
ts320335,BR,23
tm171292,US,2
tm171292,CA,20
ts287976,SE,42
ts296129,ES,18
ts296091,ES,18
ts296059,ES,18
ts296069,ES,18
ts287802,ZA,37
ts288087,GB,3
tm1044137,US,2
ts309676,US,2
ts315041,KR,38
tm837802,BR,23
tm475638,BR,23
ts20535,US,2
ts319303,JP,9
ts288064,MX,27
tm986017,TW,47
tm1129394,US,2
ts301914,KR,38
ts296081,FR,5
ts296698,,26
ts297846,IT,11
tm998544,PH,50
ts288545,US,2
tm115973,IN,4
tm1046969,LB,10
ts243256,US,2
tm810494,KR,38
tm144263,IN,4
tm147494,JP,9
tm1158704,US,2
tm1165983,GB,3
ts289364,US,2
ts296179,MX,27
ts20917,US,2
ts296214,US,2
tm1102151,JP,9
ts4866,TW,47
ts296201,BR,23
ts298837,,26
tm134235,JP,9
ts250998,NL,41
tm174256,CA,20
tm174256,US,2
ts299865,US,2
tm1064532,TH,46
tm1063339,KR,38
tm1064193,MX,27
tm1040832,PH,50
tm244207,US,2
tm1064988,HK,13
tm1179579,TR,28
ts328617,BR,23
ts299321,US,2
tm1068692,BR,23
tm1110527,NL,41
ts297675,,26
tm344173,US,2
tm1041549,NG,48
ts296563,CN,54
ts297065,US,2
ts294338,US,2
ts294338,GB,3
tm1068777,MX,27
ts297763,US,2
ts301196,GB,3
tm1150385,GB,3
ts251061,CN,54
tm1183542,IN,4
tm999817,CN,54
tm1063790,CM,77
ts331654,MX,27
ts301609,BR,23
ts301625,PL,62
tm1083293,US,2
tm1074764,DE,17
ts300274,US,2
ts299874,,26
tm1080406,US,2
tm1068348,,26
ts343251,KR,38
ts21967,CA,20
ts21967,US,2
ts82298,KR,38
ts302714,AR,12
ts304709,US,2
tm1094060,US,2
tm1077013,GB,3
tm1082314,US,2
ts23797,TW,47
ts303513,CL,39
tm1082359,GB,3
tm1084481,US,2
ts330347,PL,62
ts317078,JP,9
tm1091155,US,2
tm1082515,US,2
ts302058,MX,27
tm1084966,,26
tm323616,,26
tm1098514,TW,47
tm235979,IN,4
ts302489,US,2
tm1026240,JP,9
ts306188,CA,20
tm323262,JP,9
ts296581,US,2
tm944307,TR,28
ts319412,KR,38
tm976168,AU,19
ts321513,KR,38
tm1068720,NG,48
tm178201,US,2
tm178201,GB,3
ts14102,CA,20
ts304053,US,2
tm1102410,,26
ts305254,,26
ts305263,US,2
ts305264,US,2
ts302056,US,2
tm1087932,DE,17
ts9,US,2
ts310331,US,2
tm992279,BR,23
ts306510,KR,38
tm1094069,FR,5
ts305732,US,2
ts302570,BR,23
tm675154,IN,4
tm143510,IN,4
ts17028,JP,9
tm1095880,US,2
ts58225,US,2
ts305890,MX,27
tm1091284,IN,4
ts287149,US,2
ts307649,US,2
tm1091956,PH,50
tm1091956,FO,81
ts6644,DK,40
ts307973,US,2
ts42038,US,2
ts306203,,26
tm1093287,,26
ts308511,BR,23
ts308516,ZA,37
tm1099969,ZA,37
ts30313,AU,19
ts304468,KR,38
tm1108010,FR,5
tm1127479,IN,4
tm106278,US,2
ts308053,US,2
ts328317,IT,11
tm1822,US,2
tm1822,JP,9
tm1096880,,26
tm1152323,,26
tm1096769,US,2
ts309235,FR,5
ts304690,TH,46
ts306068,IT,11
ts330289,BR,23
tm1102856,DE,17
tm272060,BE,14
tm272060,FR,5
tm272060,GB,3
ts310628,AU,19
ts308002,MX,27
ts307745,ES,18
ts307981,US,2
tm1104252,US,2
ts308845,DE,17
tm1049155,FI,67
tm1099320,US,2
tm1099320,GB,3
ts308838,,26
ts321437,JP,9
tm421437,NL,41
tm266844,US,2
tm237621,NG,48
tm1106551,FR,5
ts310335,ES,18
ts84785,US,2
tm1104532,US,2
ts310376,US,2
tm1119455,US,2
ts282133,FR,5
ts317144,US,2
tm1107850,,26
tm1107848,,26
ts328541,GB,3
tm1179973,GB,3
tm1106888,TR,28
tm1106900,,26
ts311791,KR,38
ts312200,ES,18
ts308689,NL,41
tm1119331,FR,5
tm888080,US,2
tm1108321,US,2
tm1118822,US,2
tm1088545,NG,48
ts14520,US,2
ts315144,US,2
ts314395,,26
ts268102,KR,38
tm1107063,KR,38
tm1122095,NG,48
tm1111559,MX,27
ts320407,JP,9
ts312094,JP,9
tm1115800,US,2
ts313668,IT,11
tm1107912,TW,47
tm182125,IN,4
tm160433,US,2
tm1108621,IT,11
ts313902,DE,17
ts313849,,26
ts72196,US,2
ts315611,US,2
ts315611,BR,23
ts314135,US,2
tm161802,NO,24
tm161802,SE,42
tm161802,US,2
tm1076198,IT,11
tm166064,US,2
tm1118234,FR,5
tm1120636,US,2
ts319464,,26
tm184608,US,2
ts314594,US,2
tm1124066,MX,27
tm420800,FR,5
tm1119172,AU,19
tm1119172,US,2
tm1130995,US,2
ts317522,DE,17
ts307816,KR,38
tm1131061,CA,20
tm1131061,GB,3
ts314963,,26
tm99450,IN,4
tm91176,NG,48
tm91176,US,2
ts317064,ES,18
ts316882,MX,27
ts302653,TW,47
tm1120766,FR,5
tm1120766,BE,14
ts6506,CA,20
ts6506,HU,66
ts6506,US,2
tm1128292,,26
tm1130275,US,2
tm1125844,TH,46
ts72322,CO,30
tm1092995,GB,3
tm1114205,NG,48
tm1116525,BR,23
ts20660,US,2
tm101684,TR,28
tm166973,US,2
tm1131374,,26
tm1131382,,26
tm922943,AU,19
tm1130264,,26
ts317612,JP,9
tm160132,US,2
ts317422,US,2
ts288861,TH,46
tm1131895,PH,50
tm158304,US,2
tm158304,AE,53
tm165995,US,2
tm95434,HK,13
tm1111616,PL,62
ts320426,US,2
ts30311,US,2
tm164877,US,2
tm164877,ES,18
tm182026,IN,4
tm157085,GB,3
ts11,GB,3
ts297685,TH,46
tm1150256,US,2
tm106625,IN,4
ts311958,KR,38
tm1129217,MX,27
tm1141346,,26
tm407349,BR,23
tm92671,HK,13
ts319460,GB,3
tm40319,US,2
tm170442,US,2
ts315551,ES,18
tm1121084,PH,50
tm441231,US,2
tm35700,IN,4
tm174289,US,2
tm1127511,PH,50
ts317526,US,2
tm172716,US,2
tm166740,IN,4
tm1121098,PH,50
tm165259,US,2
ts319608,BR,23
tm1132176,GB,3
ts315549,ES,18
tm890013,BR,23
ts320183,KR,38
ts322506,US,2
tm179451,IN,4
tm1134006,GB,3
tm1134006,US,2
ts30288,JP,9
ts320557,ES,18
ts319333,US,2
ts312241,US,2
tm1137051,JP,9
tm68272,US,2
ts320872,DE,17
tm1137797,,26
tm219276,US,2
ts30083,JP,9
ts224891,JP,9
tm103732,IN,4
tm1146393,AR,12
ts320302,BR,23
ts320302,US,2
tm1141663,TR,28
tm1143058,PL,62
tm134967,US,2
ts321966,GB,3
ts1475,DK,40
ts325756,SG,74
ts320502,US,2
ts21544,US,2
tm99776,US,2
tm178211,US,2
tm881575,US,2
tm881575,ES,18
ts178360,CO,30
tm91323,IN,4
tm172504,NL,41
tm172504,US,2
tm172504,AE,53
tm172504,PS,21
tm1147172,US,2
ts321084,IT,11
tm1147041,NG,48
tm1146635,JP,9
tm175346,US,2
tm356563,NZ,31
tm356563,GB,3
tm356563,DE,17
tm1165179,MY,34
tm161904,US,2
ts40702,SG,74
tm434883,GB,3
tm1150727,IN,4
tm639940,US,2
tm143474,US,2
tm366820,US,2
ts327074,US,2
ts20457,US,2
tm1162608,MX,27
ts11794,US,2
ts11794,GB,3
ts11794,CA,20
tm1150872,US,2
tm96037,JP,9
tm48239,IN,4
tm1165244,PL,62
ts34737,MX,27
ts322267,BR,23
tm32982,GB,3
tm32982,US,2
ts326029,CO,30
ts30356,GB,3
tm205870,FR,5
tm227029,ES,18
tm97982,IN,4
tm1159947,,26
tm1159298,,26
tm1159301,US,2
tm1159300,,26
tm308960,GB,3
tm168751,LB,10
ts34740,US,2
ts34740,CA,20
tm50798,FR,5
tm174518,IN,4
tm361958,NG,48
tm244175,GB,3
tm244175,US,2
tm244175,CZ,36
tm1161223,IE,25
tm1161223,GB,3
tm159593,IN,4
ts53249,US,2
tm340006,JP,9
tm142856,US,2
ts36836,US,2
tm465421,KR,38
ts21511,CA,20
ts21511,US,2
ts302363,KR,38
tm161804,TR,28
tm1165219,US,2
tm166810,IN,4
ts297132,TW,47
ts39112,CA,20
tm437221,US,2
tm91046,EG,1
tm37153,US,2
tm172883,IN,4
ts34087,JP,9
ts331680,US,2
tm176128,HK,13
tm100106,PH,50
tm38013,IN,4
tm93612,JP,9
tm57610,IN,4
tm1166429,BR,23
tm169422,US,2
tm365122,US,2
tm365122,AE,53
ts9246,JP,9
tm178555,IN,4
tm1171107,US,2
tm1171107,GB,3
ts38159,FR,5
ts329699,US,2
tm1168932,,26
ts20556,US,2
tm154797,CA,20
tm154797,KR,38
ts329700,US,2
tm39313,US,2
tm143085,MX,27
tm143085,ZA,37
tm143085,US,2
tm172710,US,2
ts329711,SA,45
ts311987,US,2
ts329885,FR,5
tm162592,EG,1
ts20564,US,2
ts331449,BR,23
ts330422,US,2
tm1160938,JP,9
ts330012,IN,4
ts292662,US,2
tm1174856,,26
ts330425,US,2
ts33338,GB,3
tm924991,TH,46
tm924991,US,2
ts330402,US,2
tm1174920,,26
tm1174919,,26
ts21580,US,2
tm180532,IN,4
ts42294,US,2
ts331681,US,2
ts333834,US,2
tm1179176,IT,11
tm178106,IN,4
tm155102,GB,3
tm155102,US,2
tm104349,KR,38
ts342479,CA,20
ts34921,JP,9
tm41792,US,2
tm630933,US,2
ts312044,,26
tm1185360,US,2
ts6,US,2
tm239091,CA,20
tm239091,HU,66
tm239091,MX,27
tm239091,ES,18
tm239091,GB,3
tm239091,US,2
tm1185687,ZA,37
tm1183575,KR,38
tm57382,AU,19
tm420826,US,2
tm174190,US,2
ts21599,US,2
tm172353,IN,4
tm299741,GB,3
tm176111,CN,54
tm176111,HK,13
ts20458,DK,40
ts20458,US,2
tm1185568,CO,30
ts342732,US,2
ts288536,GB,3
ts74765,IN,4
tm238748,US,2
tm233377,US,2
tm1043537,GB,3
tm1043537,US,2
tm346943,US,2
ts23752,JP,9
tm1187638,US,2
ts23835,RU,64
tm167241,IN,4
ts314164,KR,38
tm981945,GB,3
tm981945,CA,20
ts343426,ZA,37
ts343426,US,2
tm1185421,,26
ts344184,US,2
tm1185506,PL,62
ts343599,GB,3
ts340376,CO,30
tm1185374,US,2
tm1185367,US,2
tm161632,US,2
ts312984,KR,38
tm171042,US,2
tm161282,US,2
ts7708,JP,9
tm169053,IN,4
ts345779,US,2
tm178234,AE,53
tm178234,LB,10
tm177958,IN,4
tm139590,HK,13
tm181533,US,2
ts321614,US,2
tm71148,US,2
tm177258,IN,4
tm160021,CN,54
tm160021,HK,13
tm1188819,DE,17
tm628693,IN,4
tm1191019,,26
ts346500,GB,3
ts346034,US,2
tm1191860,US,2
tm164353,IN,4
tm69915,IN,4
tm120072,US,2
tm175909,IN,4
tm30278,IN,4
ts20500,NO,24
tm1200703,,26
ts36647,DK,40
tm65765,US,2
ts346959,US,2
tm869373,JP,9
tm52062,US,2
tm172211,ID,51
tm62210,JP,9
tm176864,US,2
tm176864,DE,17
tm176864,GB,3
tm143227,US,2
ts8175,GB,3
tm187979,US,2
tm1204412,PE,22
tm177044,JP,9
tm316414,US,2
tm149578,US,2
tm204163,US,2
tm181270,US,2
tm139545,US,2
tm166628,US,2
tm74031,IN,4
ts42914,FR,5
ts11151,JP,9
tm37573,HK,13
tm165932,IN,4
tm159623,PH,50
tm181081,GB,3
tm181081,AU,19
tm181081,CH,59
tm181856,US,2
ts34151,JP,9
tm182586,KR,38
tm315255,CN,54
tm315255,HK,13
tm59289,IN,4
ts44663,FR,5
tm68436,IN,4
ts20790,US,2
tm164090,US,2
tm140877,US,2
tm140877,GB,3
ts278,GB,3
tm181366,LB,10
tm212927,US,2
tm169128,US,2
tm184511,IN,4
ts32835,JP,9
tm204035,US,2
tm176481,IN,4
tm44615,IN,4
tm39606,IN,4
ts20281,US,2
ts27468,US,2
tm183176,AU,19
tm140843,US,2
tm40860,US,2
ts27835,US,2
tm145655,US,2
tm168400,US,2
tm171228,US,2
tm267112,FR,5
tm34142,IN,4
tm34746,IN,4
tm176900,IN,4
ts21081,CO,30
ts20280,US,2
ts17598,US,2
tm471878,PT,75
tm471878,US,2
tm224577,NG,48
ts281927,GB,3
tm182322,IN,4
tm53034,US,2
ts27680,GB,3
tm132273,US,2
tm180572,US,2
tm51412,US,2
tm175753,IN,4
ts26776,JP,9
ts76614,JP,9
tm63368,PS,21
tm443615,GB,3
tm29400,PH,50
tm69694,EG,1
tm56296,US,2
ts19165,US,2
tm53360,IN,4
tm183805,IN,4
tm72845,US,2
tm374313,ZA,37
tm374313,GB,3
ts20429,JP,9
tm42306,IN,4
ts54102,US,2
tm186408,IN,4
tm66725,IN,4
tm120108,US,2
tm120108,CN,54
ts37864,CN,54
tm177224,IN,4
tm167342,IN,4
tm47171,IN,4
tm56734,GB,3
tm56734,NG,48
tm28171,US,2
tm182429,US,2
ts43341,JP,9
ts20097,US,2
tm60844,JP,9
ts21806,US,2
ts9794,US,2
tm186054,IN,4
ts18551,GB,3
tm165504,CN,54
tm165504,HK,13
tm53829,US,2
tm147913,IN,4
tm610571,IN,4
tm349800,US,2
tm158692,IN,4
ts167724,GB,3
tm183039,US,2
tm71992,IN,4
ts22249,JP,9
tm33601,XX,69
tm168685,KR,38
tm38064,JP,9
tm167944,JP,9
tm180738,IN,4
tm167107,IN,4
tm54371,IN,4
tm48579,US,2
ts20823,US,2
tm143363,IN,4
ts35282,CA,20
tm469911,AT,49
tm59590,JP,9
tm175812,IN,4
tm152843,CA,20
tm252609,NG,48
tm434202,GB,3
ts299485,ES,18
ts299485,US,2
tm244148,GB,3
tm244148,US,2
tm38331,PH,50
ts58137,US,2
ts58137,CA,20
ts58137,JP,9
tm143299,IN,4
tm53395,US,2
tm300615,US,2
tm151447,GB,3
tm151447,US,2
tm161525,CA,20
tm161525,CL,39
tm161525,US,2
ts87242,US,2
tm242276,IN,4
tm185736,US,2
tm57256,IN,4
tm219259,CA,20
tm208713,IN,4
ts27586,JP,9
tm151807,US,2
ts21869,US,2
ts35682,AU,19
ts20110,GB,3
ts57850,US,2
tm219248,US,2
tm161562,US,2
tm161562,DK,40
tm37175,US,2
tm1082564,US,2
tm136601,US,2
tm171929,US,2
tm144121,US,2
tm214825,US,2
tm444017,US,2
tm187390,GB,3
tm187390,US,2
tm187390,EG,1
ts32060,US,2
ts6879,CL,39
tm515157,US,2
tm54780,JP,9
tm31739,US,2
ts296046,FR,5
ts33590,US,2
ts16117,TR,28
tm49451,US,2
ts34066,AU,19
tm239286,US,2
tm31948,KR,38
tm137693,US,2
ts39093,US,2
ts20682,JP,9
tm327199,US,2
ts42062,FR,5
ts67797,US,2
tm245176,IQ,82
tm245176,GB,3
tm243100,US,2
tm34646,PH,50
tm60213,PH,50
tm139564,US,2
tm142630,IN,4
ts2727,GB,3
tm137002,IN,4
ts20824,US,2
ts19779,US,2
tm179328,XX,69
tm134516,CN,54
ts8146,US,2
ts44064,TW,47
tm175577,NG,48
tm154729,IN,4
tm179248,IN,4
ts36631,US,2
ts20248,US,2
ts32218,US,2
tm162259,US,2
tm135307,US,2
tm185208,US,2
tm185208,BR,23
tm244519,CN,54
tm244519,US,2
tm244519,CA,20
tm176553,NG,48
tm176553,US,2
tm221883,CA,20
tm374132,US,2
ts521,US,2
ts1639,US,2
tm139841,GB,3
tm139841,US,2
tm139841,CA,20
tm143757,US,2
tm186161,IN,4
tm188290,PH,50
tm321627,AU,19
tm178513,IN,4
tm171891,IN,4
ts34074,KR,38
tm185797,IN,4
tm166723,PH,50
ts20310,US,2
ts39604,TW,47
ts53641,US,2
tm598375,IN,4
tm159362,US,2
tm175954,US,2
tm182275,PS,21
tm183002,IN,4
tm150033,JP,9
tm139194,US,2
tm139194,CA,20
tm226948,US,2
tm151663,US,2
tm169054,IN,4
tm172027,TR,28
tm230551,HK,13
tm230551,CN,54
tm234292,MX,27
tm246810,IN,4
tm180643,CA,20
tm180643,US,2
tm320144,IN,4
tm260272,US,2
tm171965,US,2
tm147908,IN,4
ts20709,JP,9
tm159296,IN,4
ts20336,ES,18
tm285340,US,2
tm348010,US,2
tm183706,BR,23
tm219173,US,2
tm155291,IN,4
ts161737,US,2
tm436844,US,2
tm157681,PS,21
tm169294,PH,50
tm151927,IN,4
tm182227,US,2
ts20837,US,2
ts87953,US,2
tm169669,PH,50
ts36127,US,2
ts2161,FI,67
tm205684,NG,48
tm188108,US,2
ts8,US,2
tm183654,HK,13
tm357479,BG,83
tm357479,US,2
ts160526,,26
tm138297,US,2
tm182969,TR,28
ts32271,IL,65
tm237143,US,2
tm136061,FR,5
tm136061,GB,3
ts4213,US,2
tm2269,RO,76
ts33840,JP,9
tm244758,GB,3
ts22383,FR,5
ts22383,US,2
ts11188,US,2
tm471967,US,2
ts34950,JP,9
ts35253,CA,20
tm420797,US,2
ts20014,JP,9
tm181051,IT,11
tm181051,PS,21
tm181051,FR,5
tm181051,DE,17
tm211478,IN,4
tm158671,US,2
tm245937,US,2
tm918853,US,2
tm140436,MA,29
tm140436,US,2
tm178992,HK,13
tm148457,IN,4
tm139532,US,2
tm182580,LB,10
tm310706,US,2
tm151860,UA,84
tm151860,US,2
tm151860,CN,54
tm151860,DE,17
tm151860,SG,74
ts21374,US,2
tm197423,NG,48
tm162271,US,2
tm211510,US,2
tm215339,US,2
ts22318,IT,11
tm150928,US,2
ts22445,KR,38
ts35354,US,2
tm359713,US,2
tm285317,US,2
tm469399,IN,4
tm881859,US,2
tm187505,PH,50
ts158608,ZA,37
ts56589,KR,38
tm163066,GB,3
tm403346,IN,4
tm456581,US,2
tm143984,BG,83
tm143984,GB,3
tm143984,US,2
ts10206,CA,20
tm208622,US,2
tm208622,CH,59
tm321224,US,2
tm156811,IN,4
tm140911,US,2
tm143372,JP,9
tm227940,AU,19
tm153055,US,2
ts20288,US,2
ts21885,US,2
tm587320,ES,18
tm187118,IN,4
tm146144,IN,4
tm362198,CA,20
tm362198,CN,54
tm362198,US,2
tm200690,US,2
tm148910,IN,4
tm363787,US,2
ts14583,US,2
tm375547,ES,18
tm232464,IN,4
tm153164,IN,4
tm196296,ES,18
tm196296,US,2
tm196296,GB,3
tm217986,IN,4
tm148976,US,2
tm138431,CD,85
tm138431,GB,3
tm147405,US,2
tm138905,US,2
tm200926,AE,53
tm200926,LB,10
tm352774,US,2
tm70528,ZA,37
tm219699,IN,4
tm159819,PH,50
tm300054,ES,18
tm157286,IN,4
tm151210,US,2
tm158546,IN,4
ts16045,US,2
tm157283,MX,27
tm152904,US,2
ts20261,US,2
tm324155,US,2
ts21981,US,2
tm145791,KR,38
tm232500,US,2
tm218683,XX,69
ts21867,CA,20
ts1413,TW,47
tm201906,FR,5
tm201906,BE,14
tm434553,US,2
tm158980,IN,4
tm193769,GB,3
tm193769,US,2
ts21368,TR,28
ts21367,US,2
tm195209,US,2
tm195209,FR,5
tm195209,GB,3
tm159094,IN,4
tm155051,CA,20
tm149541,US,2
ts54110,IE,25
ts20108,US,2
ts20883,US,2
ts35596,US,2
tm155014,CA,20
tm228574,CA,20
ts35987,US,2
tm135106,US,2
ts35251,US,2
tm142881,US,2
tm158302,IN,4
tm234136,AT,49
tm317566,US,2
tm992844,GB,3
tm218186,US,2
tm357552,US,2
tm160034,IN,4
tm207668,IN,4
tm411958,US,2
ts58010,US,2
tm139922,US,2
tm157461,TR,28
ts35505,AT,49
tm158436,US,2
tm219258,IE,25
tm219258,CA,20
tm135543,US,2
tm135543,FR,5
tm376234,ES,18
tm144541,AR,12
tm215911,IN,4
tm177645,XX,69
ts41490,US,2
tm230927,US,2
tm428073,ES,18
ts43119,US,2
tm266666,US,2
ts20292,US,2
tm59372,IN,4
tm841797,US,2
tm368725,RO,76
tm196125,US,2
tm144046,US,2
tm142852,PH,50
tm145627,IN,4
tm412623,GB,3
tm201365,IN,4
ts3799,US,2
ts11670,US,2
tm202914,US,2
tm236725,GB,3
tm200126,CA,20
tm200126,US,2
tm149038,US,2
tm138792,US,2
tm136465,US,2
tm145658,PH,50
ts38090,CA,20
ts38090,FR,5
tm916405,US,2
tm916405,BG,83
tm212909,PH,50
ts78325,US,2
ts27875,RU,64
ts20791,US,2
tm410435,US,2
tm148662,VE,86
tm148662,AR,12
tm460055,US,2
tm460055,ES,18
tm241998,IN,4
tm232855,PH,50
tm307283,AU,19
ts36015,US,2
ts20351,US,2
ts75157,US,2
ts35244,US,2
tm148597,GB,3
ts22426,JP,9
tm577690,NG,48
tm145216,TR,28
tm134791,US,2
ts37187,US,2
ts21986,US,2
tm443179,US,2
ts314002,JP,9
ts35360,CA,20
ts35360,US,2
ts35554,US,2
tm205812,IE,25
tm205812,ZA,37
tm144451,ZA,37
tm138280,IN,4
tm149914,US,2
tm426274,US,2
tm244381,CA,20
tm244174,KR,38
tm244174,US,2
tm328443,KR,38
tm149747,MX,27
tm195764,US,2
tm214085,US,2
ts36983,US,2
tm880059,US,2
tm134052,IN,4
ts38764,FR,5
tm435086,CA,20
tm227044,IN,4
ts35563,US,2
tm233465,US,2
tm235405,CA,20
tm150962,IN,4
ts35570,GB,3
ts36147,US,2
ts38511,US,2
tm244364,AU,19
tm193378,US,2
tm155507,US,2
tm233485,US,2
tm193388,IN,4
ts36129,US,2
tm348393,NG,48
tm147518,BR,23
tm322200,ES,18
tm231314,ES,18
tm208628,IN,4
ts56201,CA,20
tm426428,US,2
tm307774,IN,4
tm233533,US,2
tm449105,US,2
tm449105,DE,17
tm279585,US,2
tm209037,CL,39
ts42687,GB,3
tm195870,US,2
tm244197,PR,87
tm244197,US,2
tm244197,GB,3
tm244197,CN,54
tm1883,CN,54
tm1883,US,2
tm1883,ES,18
tm197806,US,2
tm233521,US,2
tm149212,FR,5
tm149212,PT,75
tm149212,SE,42
tm149212,DK,40
tm149212,BR,23
ts35463,US,2
tm244559,SE,42
tm244559,US,2
tm136036,PH,50
tm250364,XX,69
tm571645,US,2
ts75104,PL,62
tm199607,AU,19
tm199607,US,2
ts36577,GB,3
tm571805,US,2
tm571805,GB,3
tm238661,US,2
tm238661,CA,20
tm238661,GB,3
ts41975,US,2
tm137557,GB,3
ts36885,US,2
tm144021,US,2
tm175843,US,2
ts36177,AU,19
ts37464,NO,24
ts37779,GB,3
tm227922,US,2
tm219739,PH,50
tm157609,ES,18
tm315344,CA,20
tm315344,US,2
tm315344,CN,54
tm146657,IL,65
tm146657,NO,24
tm146657,ZA,37
tm146657,AE,53
tm146657,GB,3
tm146657,IS,43
tm146657,IE,25
tm136321,US,2
tm138614,US,2
ts83535,FR,5
ts83535,RU,64
ts83535,US,2
tm242646,ES,18
tm242646,FR,5
tm245724,FR,5
tm157783,IN,4
tm280828,US,2
tm359978,KR,38
tm232950,SK,88
tm232950,CZ,36
ts20781,KR,38
ts38199,US,2
tm199408,GB,3
tm884511,US,2
tm200454,IN,4
tm233214,GB,3
tm233214,IR,6
tm233214,JO,56
tm233214,QA,52
tm313683,ES,18
ts37866,FR,5
tm159701,US,2
ts35256,US,2
ts12444,TW,47
tm232965,US,2
tm374656,US,2
ts42168,TR,28
tm837756,MX,27
tm837756,US,2
tm198842,TR,28
ts36856,US,2
tm138667,IN,4
tm446574,CA,20
tm446574,ZA,37
tm446574,US,2
tm447963,US,2
tm197503,IN,4
tm350,US,2
tm234773,GB,3
tm368729,IN,4
tm138584,IN,4
tm346939,US,2
ts35775,US,2
tm151716,US,2
ts35359,DE,17
ts35359,AU,19
ts35359,FR,5
ts41294,IL,65
tm211424,IN,4
tm469510,IN,4
tm352588,US,2
ts42371,CA,20
tm206698,US,2
ts37944,FR,5
tm247631,TR,28
tm198786,PH,50
ts42477,DE,17
tm311494,IT,11
ts32561,TW,47
tm170919,AR,12
tm170919,ES,18
tm193125,US,2
tm205935,GB,3
tm205935,US,2
tm217939,FR,5
tm363181,IN,4
tm220473,US,2
tm234735,IN,4
tm428453,TW,47
tm428453,US,2
tm428453,CN,54
tm428453,FR,5
tm233015,IN,4
tm143642,DE,17
ts36545,US,2
tm233843,IN,4
tm218052,IN,4
tm240162,IN,4
tm230426,US,2
tm828069,IE,25
tm828069,GB,3
tm270987,FR,5
tm270987,CA,20
tm201855,IN,4
tm144557,TR,28
tm206512,US,2
tm1073510,HU,66
tm1073510,NL,41
tm1073510,CH,59
tm1073510,GB,3
tm849102,IN,4
tm205333,PH,50
tm205437,US,2
tm211571,TR,28
ts37539,JP,9
tm220317,US,2
ts35362,ES,18
tm407961,NG,48
tm198496,US,2
ts35406,CA,20
ts36550,US,2
tm228242,US,2
tm311319,HK,13
tm311319,CN,54
ts144527,SG,74
tm239727,US,2
tm367264,CZ,36
tm367264,US,2
ts74809,US,2
tm244220,GB,3
tm244507,AR,12
tm244507,ES,18
ts53664,IL,65
ts36741,RU,64
ts75833,RU,64
ts18653,IN,4
tm244233,US,2
tm208903,CA,20
tm208903,US,2
tm232953,US,2
ts38796,US,2
ts54117,CA,20
tm1028298,US,2
ts36046,US,2
ts38809,US,2
tm367250,NL,41
ts74929,FR,5
ts52943,KR,38
ts76743,JP,9
tm207734,US,2
tm152273,JP,9
tm238587,US,2
tm238587,DE,17
tm238587,ZA,37
tm214589,PH,50
tm236999,ES,18
tm210043,US,2
ts37971,US,2
ts53051,US,2
tm246543,GL,89
tm246543,FR,5
tm225275,US,2
ts82979,US,2
tm205890,US,2
tm205890,FR,5
tm205890,LU,61
tm205890,GB,3
ts88485,US,2
tm271070,CA,20
tm271070,CN,54
tm271070,FR,5
ts37490,US,2
tm562821,AE,53
tm209987,US,2
tm209950,US,2
tm244332,US,2
tm219233,GB,3
tm219233,US,2
tm232832,NO,24
tm232832,SE,42
tm247396,US,2
tm321295,US,2
ts36952,US,2
tm239769,US,2
ts36547,MX,27
ts77654,US,2
ts35793,US,2
tm238722,US,2
tm241314,US,2
tm211461,MA,29
tm211461,FR,5
ts38415,CA,20
tm413660,US,2
tm413660,CA,20
tm232579,NZ,31
tm345225,IN,4
ts38731,GB,3
ts38731,IE,25
tm211273,US,2
tm321596,US,2
ts38805,AU,19
tm324820,JP,9
tm324820,FR,5
tm233345,US,2
tm351938,FR,5
tm351938,BE,14
tm375883,ES,18
tm309903,GB,3
tm309903,DE,17
tm309903,DK,40
tm309903,NL,41
tm244513,QA,52
tm244513,FR,5
tm1064228,US,2
tm1064228,CA,20
tm275004,CA,20
tm558730,US,2
ts3844,US,2
tm233294,US,2
tm233482,IN,4
tm233482,CN,54
tm233482,US,2
tm233482,GB,3
ts37896,GB,3
tm238377,US,2
ts33349,KR,38
tm358666,CH,59
tm358666,DE,17
tm213681,KR,38
tm239707,US,2
tm244635,CL,39
tm244635,FR,5
tm927037,US,2
ts78299,US,2
ts42069,US,2
ts42069,GB,3
tm233157,CN,54
tm234466,BR,23
ts38770,US,2
ts43272,JP,9
tm283938,RO,76
tm270504,GB,3
tm271960,US,2
ts37143,US,2
tm436778,US,2
tm137530,CA,20
tm137530,GB,3
tm137530,US,2
tm233366,IN,4
ts79799,US,2
tm321785,IN,4
ts25252,JP,9
ts39015,US,2
tm215054,US,2
tm317110,KR,38
tm225416,US,2
tm233570,PH,50
tm311789,US,2
tm932595,US,2
tm225308,CA,20
tm225308,DE,17
tm225308,GB,3
tm221953,IN,4
tm239743,US,2
tm308090,US,2
ts43258,IN,4
tm239774,US,2
tm267401,ES,18
ts57964,US,2
tm424074,US,2
ts36740,US,2
tm244915,IN,4
ts38710,US,2
ts38710,CA,20
tm417496,US,2
ts90937,AU,19
tm285356,KH,90
tm285356,US,2
tm203056,TR,28
tm225693,US,2
tm233344,IN,4
tm244638,US,2
tm270999,US,2
tm307767,IN,4
tm220594,UA,84
tm220594,GB,3
tm220594,US,2
tm244196,IN,4
ts52838,BR,23
tm263427,ES,18
tm263427,DE,17
tm344989,US,2
tm219817,IN,4
tm243121,US,2
ts53099,FI,67
tm246175,SE,42
tm233484,CN,54
tm245155,AE,53
tm285649,TR,28
tm285649,US,2
tm224377,PH,50
tm231911,PH,50
tm275800,AR,12
tm275800,ES,18
ts58152,ES,18
tm242705,BE,14
tm242705,FR,5
ts56481,US,2
ts41766,US,2
tm244229,IT,11
tm244229,ES,18
tm244229,FR,5
tm242687,NL,41
tm233023,US,2
ts42119,US,2
tm439365,IN,4
tm224255,LB,10
tm224255,QA,52
ts38568,US,2
ts38783,AU,19
tm233493,US,2
tm245293,IN,4
tm234703,MX,27
tm274053,US,2
ts43230,AU,19
ts41149,US,2
tm245297,US,2
tm299396,ES,18
tm232797,US,2
tm232797,FR,5
tm232797,NL,41
tm232797,GB,3
tm298339,IE,25
ts56674,US,2
tm239676,US,2
tm242108,US,2
tm285295,US,2
tm554110,NG,48
tm181550,IN,4
tm225675,US,2
ts55533,MX,27
ts35963,CN,54
ts42077,GB,3
ts42077,IT,11
tm299677,US,2
tm244880,CA,20
tm244880,US,2
tm238486,US,2
tm245235,US,2
ts83810,FR,5
ts83810,US,2
ts83810,JP,9
tm229542,US,2
ts53864,US,2
tm232090,US,2
tm245671,IN,4
tm244300,DE,17
ts75829,US,2
tm245722,US,2
tm233648,XX,69
tm240733,ES,18
tm554944,IT,11
tm554944,GB,3
ts56480,GB,3
tm156397,PH,50
tm147082,US,2
tm248010,NG,48
tm234069,TR,28
tm132524,US,2
tm316658,US,2
tm292837,ES,18
tm452826,US,2
tm452826,GB,3
ts38230,RU,64
tm245102,ES,18
tm243931,BR,23
tm244192,US,2
tm318641,US,2
tm239733,ID,51
tm239762,US,2
tm319882,GB,3
tm233362,US,2
tm272854,IN,4
tm266702,FR,5
tm840936,XX,69
tm244473,NL,41
tm244473,JO,56
tm244473,DE,17
tm409766,GB,3
tm409766,US,2
tm1021871,US,2
tm246579,US,2
ts137477,US,2
tm233561,GB,3
tm299504,ES,18
ts57327,US,2
ts43501,GB,3
ts37660,KR,38
tm267017,SE,42
tm247644,DE,17
ts38204,US,2
tm233121,TR,28
ts39017,US,2
ts42655,AU,19
ts39007,US,2
ts76417,BE,14
tm240895,US,2
tm849005,CA,20
tm155382,IN,4
tm233360,IL,65
ts54054,US,2
tm233196,US,2
tm245383,US,2
tm232710,PH,50
ts42628,US,2
tm431769,DE,17
tm431769,IN,4
tm431769,AT,49
ts55556,TW,47
ts77398,US,2
tm257629,US,2
tm313988,US,2
ts42347,US,2
ts35577,JP,9
tm232947,GB,3
tm232947,IN,4
tm227042,IN,4
tm886360,US,2
tm420745,CA,20
tm420745,US,2
tm233544,US,2
tm70652,IN,4
ts42169,JP,9
tm290157,GB,3
tm305437,US,2
tm280060,US,2
ts38734,GB,3
tm242765,AU,19
tm226320,TR,28
tm421855,US,2
ts42260,US,2
tm232954,US,2
tm236659,US,2
tm230478,US,2
tm309251,IN,4
ts42405,US,2
tm232930,IN,4
tm244521,US,2
tm355783,US,2
ts42170,GB,3
ts41956,US,2
ts41151,JP,9
ts42075,TR,28
tm299381,ES,18
tm412550,US,2
tm549892,AE,53
ts43209,DE,17
tm247444,IN,4
tm233425,JP,9
ts42257,KR,38
tm308241,US,2
ts77755,US,2
ts56045,DE,17
tm471802,IN,4
ts87591,US,2
ts53198,US,2
tm232267,US,2
tm239290,PH,50
tm224275,QA,52
tm224275,PS,21
tm224275,AE,53
tm224275,FR,5
tm224275,JO,56
tm224275,LB,10
tm1150800,CA,20
tm1150800,ZA,37
ts38116,JP,9
ts38512,US,2
tm247767,TR,28
ts74753,AU,19
tm307997,DE,17
tm232931,US,2
tm327551,ES,18
tm327551,DK,40
tm247159,VN,78
tm310899,GB,3
tm310899,US,2
tm310899,AU,19
ts72247,US,2
tm233616,US,2
tm327053,BR,23
tm243326,US,2
tm243326,GB,3
tm375007,US,2
ts53023,US,2
ts55982,CA,20
tm239927,GB,3
tm239927,US,2
tm361588,CA,20
ts52830,US,2
tm238717,SA,45
tm299764,MX,27
tm299764,ES,18
tm321073,IN,4
tm240728,US,2
ts75324,CO,30
tm294581,US,2
ts38757,US,2
ts42089,US,2
tm244287,IN,4
tm245378,US,2
tm307515,ES,18
tm307515,US,2
tm376111,US,2
tm267135,BR,23
ts41527,US,2
tm328041,IN,4
tm328041,BD,91
tm245791,ID,51
ts75151,US,2
tm267948,ES,18
tm244307,US,2
ts38717,JP,9
tm428702,US,2
ts249161,EG,1
ts41913,US,2
tm244206,US,2
ts38758,JP,9
tm326723,US,2
tm244368,US,2
ts307925,FR,5
tm429984,LU,61
tm429984,CA,20
tm429984,FR,5
tm307910,US,2
ts85732,US,2
ts55798,KR,38
ts38703,KR,38
tm236705,MX,27
tm314939,ZA,37
ts41963,US,2
tm434625,CN,54
tm434625,US,2
tm1063652,US,2
ts57303,US,2
tm363248,US,2
tm242002,US,2
tm371630,DE,17
tm285171,US,2
ts75097,US,2
tm407295,US,2
ts53545,US,2
ts42137,US,2
tm350374,PK,92
tm345767,ES,18
tm244191,US,2
tm351101,ES,18
tm351101,FR,5
tm242422,FR,5
tm239683,US,2
tm246056,US,2
tm818786,ES,18
tm818786,MX,27
ts41485,TR,28
ts74962,CA,20
tm298084,HU,66
tm914535,US,2
ts58133,US,2
ts41289,GB,3
ts78324,US,2
ts45996,AU,19
tm314272,BR,23
tm287684,GB,3
tm287684,CA,20
tm431275,EG,1
tm244403,US,2
ts42120,CA,20
tm424879,JP,9
tm300713,JP,9
tm239739,IN,4
tm244321,MX,27
tm244321,US,2
ts74823,US,2
ts52821,GB,3
ts38769,US,2
tm374454,CA,20
ts55223,AU,19
tm354644,ES,18
ts56511,ES,18
ts66540,IE,25
ts42218,CO,30
ts56032,CO,30
ts38761,KR,38
tm244923,TR,28
tm460259,AR,12
tm460259,CA,20
tm460259,CL,39
tm310953,US,2
tm409618,US,2
ts38772,KR,38
tm361746,GB,3
tm361746,US,2
tm330869,GB,3
tm330869,US,2
ts42127,GB,3
tm266705,ES,18
ts78442,US,2
ts83224,NL,41
tm245911,ES,18
ts54050,US,2
ts39016,US,2
ts55962,US,2
tm323634,US,2
tm239947,US,2
tm270982,NL,41
tm540757,IN,4
tm321703,US,2
ts53693,GB,3
ts57300,US,2
tm346467,US,2
tm366227,US,2
ts53076,US,2
ts78246,GB,3
tm275437,US,2
tm287041,KH,90
tm311456,TR,28
tm312577,JP,9
tm311921,US,2
tm257141,US,2
ts55668,DE,17
tm272666,PH,50
tm244380,PH,50
ts42155,US,2
ts41258,KR,38
ts131579,BE,14
ts57822,GB,3
ts55348,US,2
ts287559,US,2
tm315174,US,2
tm315174,GB,3
tm242736,US,2
ts53166,US,2
tm366567,US,2
tm307761,IN,4
tm253080,FR,5
tm411311,GB,3
tm295177,ES,18
tm284015,FR,5
tm284015,GE,60
tm284015,DE,17
tm538868,IN,4
tm285329,US,2
tm444247,US,2
tm327652,US,2
ts58297,CA,20
tm270895,BE,14
tm270895,FR,5
tm270895,US,2
tm245042,IN,4
tm283559,PL,62
tm464662,US,2
tm314477,ES,18
tm245050,NG,48
tm358746,CA,20
ts74917,AU,19
tm285107,GB,3
tm285107,US,2
tm540277,UY,32
tm242887,IN,4
ts42022,AR,12
tm864480,AR,12
tm864480,ES,18
ts56221,CN,54
tm240076,US,2
tm233463,TR,28
ts52829,GB,3
ts55559,US,2
tm458326,US,2
tm245148,US,2
tm327540,US,2
tm327540,CA,20
tm327540,GB,3
tm271974,DE,17
ts41260,KR,38
tm426638,IE,25
tm426638,GB,3
tm273933,US,2
ts42090,US,2
ts41154,ES,18
tm428557,US,2
tm286532,DE,17
tm307612,US,2
ts54100,US,2
ts54100,IT,11
tm242906,IN,4
tm350607,CA,20
tm350607,US,2
ts56748,US,2
ts56594,US,2
tm244079,MX,27
tm244842,PH,50
tm266685,US,2
tm244788,US,2
ts39014,JP,9
tm474695,ES,18
ts70529,NO,24
ts82268,IN,4
tm411508,IN,4
ts47714,CA,20
tm253083,US,2
ts51368,US,2
tm312738,IN,4
tm316567,JP,9
tm245271,JP,9
tm319310,IN,4
tm319470,US,2
tm319470,FR,5
tm319470,IE,25
ts51367,CA,20
tm366019,PH,50
tm239764,US,2
tm266629,US,2
tm244292,DE,17
tm307133,US,2
tm247642,DK,40
tm247642,US,2
tm270490,US,2
tm270555,US,2
tm270555,AT,49
ts129445,FR,5
ts9075,US,2
tm344886,IL,65
tm344886,MA,29
tm344886,US,2
tm344886,BG,83
tm344886,GB,3
tm311995,KR,38
tm239933,MX,27
tm315584,JP,9
tm266652,JP,9
tm298846,US,2
tm466426,US,2
ts42011,CA,20
tm307751,IN,4
tm375681,CN,54
tm375681,HK,13
ts57082,GB,3
tm263743,ID,51
tm327622,US,2
ts38813,AU,19
ts38813,US,2
ts38813,GB,3
tm446581,BR,23
tm461907,IN,4
tm235553,DE,17
tm267419,US,2
ts55194,US,2
tm406881,US,2
ts53155,GB,3
ts75897,US,2
tm278279,US,2
ts57055,US,2
ts86021,FR,5
ts56683,US,2
ts52981,US,2
tm285298,US,2
tm320211,GB,3
ts128422,SA,45
tm299783,ES,18
tm326773,ES,18
ts36634,CN,54
tm299761,ES,18
tm927718,US,2
tm372305,US,2
tm533845,US,2
ts86831,IL,65
ts42043,JP,9
ts75286,US,2
tm469432,AU,19
tm469432,GB,3
tm426630,IN,4
tm321189,AR,12
tm348392,GB,3
tm348392,US,2
tm348392,IL,65
tm348392,IT,11
tm348392,PE,22
tm348386,US,2
tm266622,US,2
ts54156,US,2
tm271333,PH,50
ts57464,US,2
tm423950,MX,27
tm286520,US,2
ts41253,CN,54
ts83449,TW,47
tm244577,CN,54
tm316923,ID,51
tm336227,ZA,37
tm414285,US,2
tm242755,US,2
tm300184,GB,3
ts57439,US,2
tm307776,IN,4
tm416779,US,2
tm272012,CA,20
tm421382,IN,4
tm315340,ID,51
tm320206,US,2
tm369179,US,2
ts55484,KR,38
tm300027,ES,18
tm358770,ES,18
tm358770,US,2
ts57465,US,2
tm417317,IN,4
ts21876,CN,54
ts55627,US,2
ts57947,BE,14
ts53960,JP,9
tm371959,US,2
tm244317,US,2
ts53663,CA,20
tm359030,XX,69
tm283322,US,2
tm355941,,26
tm273294,US,2
ts128895,JP,9
tm324870,US,2
tm288499,MX,27
tm288499,US,2
tm458363,US,2
tm450095,JP,9
tm311898,CA,20
tm311898,US,2
tm289882,PH,50
ts127430,US,2
tm307843,IN,4
ts53149,KR,38
tm309115,IN,4
tm305433,US,2
tm290831,US,2
tm334949,DE,17
ts56636,KR,38
tm331117,BE,14
tm331117,FR,5
tm300447,US,2
tm355666,US,2
tm313293,US,2
tm244259,FR,5
tm244259,GB,3
tm244259,US,2
ts20238,CN,54
tm351720,BE,14
tm351720,GB,3
tm351720,US,2
tm219252,US,2
tm324278,US,2
ts81542,CA,20
tm348403,GB,3
tm348403,FR,5
tm420181,US,2
tm323602,FR,5
tm350379,FR,5
tm350379,CA,20
tm300056,ES,18
tm350727,AE,53
tm353742,BG,83
tm353742,US,2
tm272484,US,2
ts41899,KR,38
tm271959,US,2
ts53101,KR,38
ts53065,KR,38
tm462551,ES,18
tm282915,JP,9
ts76159,CA,20
ts53516,US,2
tm411415,US,2
tm271951,US,2
tm271951,GB,3
tm271839,US,2
tm316744,US,2
tm371900,GB,3
tm431214,KW,55
ts53287,US,2
ts78231,US,2
ts38304,UA,84
tm349278,CA,20
ts52922,US,2
ts52988,US,2
tm450478,US,2
tm463385,US,2
ts53264,KR,38
tm272413,US,2
ts76243,GB,3
tm1121246,GB,3
tm1121246,US,2
tm1121246,CA,20
tm321628,AU,19
tm320249,US,2
tm275726,MX,27
tm324204,IN,4
tm324204,MX,27
tm283909,PH,50
tm279828,PH,50
tm326089,IN,4
ts53513,TW,47
ts69208,TW,47
tm1172600,ES,18
tm340927,IN,4
tm451502,IN,4
ts75320,TW,47
ts126804,,26
tm348003,BG,83
tm348003,US,2
tm315345,CD,85
tm428856,AU,19
tm244052,US,2
ts77197,US,2
ts99814,SA,45
ts55936,KR,38
tm281182,US,2
tm290444,KR,38
ts55978,JP,9
tm370212,HK,13
tm370212,IS,43
tm370212,US,2
tm376903,CL,39
tm376903,AR,12
ts81898,AU,19
ts81898,GB,3
ts56969,US,2
tm417055,US,2
tm894254,AU,19
tm894254,US,2
tm282910,JP,9
tm294696,TR,28
ts41948,CA,20
tm346334,GB,3
tm346334,IS,43
tm306811,US,2
tm306811,AU,19
tm313120,US,2
tm311815,US,2
tm314295,NL,41
tm314295,US,2
tm323300,US,2
tm320785,US,2
ts55231,US,2
ts56670,US,2
tm530822,US,2
tm319512,ES,18
tm314863,US,2
tm344336,FR,5
tm347095,FR,5
tm347095,US,2
tm414340,US,2
tm413558,BE,14
tm413558,KH,90
tm413558,FR,5
tm413558,LU,61
tm279017,US,2
tm368350,FR,5
tm368350,IN,4
tm368350,SG,74
tm372662,ES,18
tm344562,LB,10
tm347060,IN,4
ts52825,CN,54
ts41906,JP,9
tm339197,IN,4
tm348073,US,2
ts32460,TW,47
ts82189,JP,9
tm281935,US,2
tm434830,CA,20
tm313487,US,2
ts53346,US,2
tm457296,US,2
tm296203,TR,28
ts75620,KR,38
ts83999,GB,3
ts55581,KR,38
tm349656,AR,12
tm349656,BR,23
tm349656,DK,40
tm349656,FR,5
tm349656,DE,17
tm349656,PL,62
tm285712,US,2
tm368449,US,2
ts81208,US,2
tm325650,US,2
tm325650,CN,54
tm325650,AU,19
tm289181,US,2
ts81027,KR,38
tm327951,ID,51
tm425889,US,2
tm529723,IN,4
tm529733,IN,4
tm175364,IN,4
tm481846,XX,69
tm250247,,26
tm528287,,26
tm372066,US,2
ts53106,JP,9
ts53106,US,2
ts58307,CA,20
tm451222,SG,74
tm404690,US,2
ts57811,JP,9
tm370447,ES,18
ts56993,SE,42
tm376739,US,2
tm314677,MX,27
tm293867,US,2
tm481594,,26
tm481509,,26
tm528044,,26
tm528043,,26
tm200838,XX,69
tm362121,NL,41
tm362121,MX,27
tm461366,PL,62
tm228839,TR,28
tm298779,JP,9
tm366590,IN,4
tm366590,US,2
ts55966,US,2
ts55491,US,2
ts56768,ES,18
tm497383,US,2
tm497383,AL,93
tm497383,JO,56
tm497383,TH,46
tm336712,US,2
ts57148,US,2
tm424898,MX,27
tm424898,FI,67
tm417416,US,2
ts87465,GB,3
ts57120,US,2
tm286268,US,2
tm295349,MX,27
ts53936,TR,28
tm416620,FR,5
tm416620,ES,18
tm320817,IN,4
tm425732,US,2
tm430459,MX,27
ts82302,US,2
ts53399,CN,54
ts124246,IN,4
tm318200,US,2
tm414709,DE,17
tm414709,CA,20
tm414709,US,2
ts56125,MX,27
ts75341,JP,9
tm305227,MX,27
tm408890,ES,18
tm359658,ID,51
tm1019177,CH,59
tm1019177,DE,17
ts83450,TW,47
tm902330,GB,3
tm326624,GB,3
tm326624,US,2
tm326624,DK,40
tm426994,IN,4
tm814861,IN,4
tm447159,US,2
tm447159,FR,5
tm447159,SE,42
tm447159,GB,3
tm447159,DE,17
tm447159,DK,40
tm447159,CA,20
tm306301,FR,5
tm306301,US,2
ts56261,US,2
ts55781,BE,14
ts55781,FR,5
tm439854,IN,4
tm315424,GB,3
tm315424,US,2
tm317491,IN,4
ts84398,IN,4
tm313472,AR,12
tm306680,XX,69
ts75879,US,2
ts84555,MX,27
tm365824,IN,4
tm375446,DE,17
tm375446,NO,24
tm418870,FR,5
tm418870,BE,14
tm449262,IN,4
tm526163,IN,4
tm311193,EG,1
tm307551,GB,3
tm437379,MX,27
tm437379,US,2
tm351931,GB,3
tm481620,IN,4
tm1077037,IN,4
tm1077038,IN,4
tm307698,PH,50
tm316731,US,2
tm420656,GB,3
tm420656,US,2
tm299771,FR,5
tm299790,US,2
tm313118,TR,28
ts57424,FR,5
tm456156,US,2
ts75164,US,2
tm306631,US,2
tm525645,US,2
tm307383,FR,5
tm307383,PS,21
tm307383,CH,59
tm307383,QA,52
tm949309,IN,4
tm949309,SG,74
tm949309,US,2
tm241990,JP,9
tm325433,AR,12
tm325433,ES,18
ts83239,RU,64
ts55645,US,2
ts54022,JP,9
tm365961,US,2
ts55576,US,2
tm366245,IN,4
tm348467,FR,5
tm348467,AR,12
ts75981,GB,3
tm315850,US,2
tm358609,ES,18
ts79020,GB,3
tm415245,MY,34
tm307950,US,2
tm443154,US,2
ts55762,KR,38
tm432313,IN,4
tm311283,US,2
ts76458,FI,67
tm295558,CL,39
tm295558,NL,41
tm295558,FR,5
tm319477,US,2
ts82192,BR,23
tm413418,IN,4
tm442199,CN,54
tm315348,US,2
tm315348,CN,54
tm315348,TH,46
tm356742,,26
ts78356,DK,40
ts76865,JP,9
tm409220,NG,48
tm311902,US,2
tm1028083,CA,20
tm414341,US,2
tm414341,CA,20
tm411313,PL,62
tm411313,CH,59
tm411313,AL,93
tm411313,IT,11
tm319818,GB,3
tm319818,US,2
tm320756,XX,69
tm246485,IN,4
tm481189,IN,4
tm481188,NG,48
ts75012,JP,9
tm320489,DE,17
tm314138,BR,23
ts56718,US,2
tm340587,IN,4
tm427293,ES,18
ts53543,KR,38
tm429163,ES,18
tm1120937,US,2
tm453903,ES,18
ts32752,TW,47
tm372054,ES,18
tm367473,FR,5
tm1064065,SE,42
tm314829,US,2
ts78452,GB,3
ts80519,US,2
tm319224,US,2
tm313974,US,2
ts76079,FR,5
tm416458,MX,27
tm314705,US,2
tm412515,IT,11
tm412515,AR,12
tm318492,TR,28
tm317274,PH,50
tm370436,NZ,31
tm273600,JP,9
ts78430,GB,3
tm1038363,US,2
tm244277,IN,4
tm462611,MX,27
ts83489,BR,23
tm411503,US,2
tm524282,US,2
tm431928,IN,4
tm410742,IT,11
tm410742,CH,59
tm410742,FR,5
ts75676,ES,18
ts58433,US,2
tm370430,MX,27
tm370430,US,2
tm296398,KR,38
tm461159,CA,20
tm849022,US,2
tm363878,IN,4
ts83554,US,2
ts84977,US,2
tm362074,IS,43
tm362074,SE,42
tm362074,BE,14
ts77563,US,2
tm320255,TH,46
tm332572,IN,4
ts56648,US,2
tm426569,AR,12
tm426569,ES,18
tm426569,UY,32
tm346390,US,2
tm315865,BR,23
ts122290,IN,4
ts56933,NZ,31
ts56033,CO,30
ts36650,ES,18
tm370392,US,2
tm319127,US,2
tm319127,IN,4
tm326704,IN,4
tm439484,US,2
tm299730,KR,38
tm320949,MX,27
ts79086,US,2
tm316311,BR,23
tm316311,FR,5
tm316311,ES,18
tm316311,BE,14
tm886283,UA,84
tm886283,GB,3
tm886283,US,2
tm886283,NL,41
tm886283,PL,62
tm319139,IN,4
ts78291,DE,17
ts82565,RU,64
tm943790,GB,3
tm838876,US,2
ts80042,CA,20
tm411288,US,2
tm411288,NG,48
tm221225,GB,3
tm863351,US,2
tm324753,BR,23
tm363103,CA,20
tm406098,DK,40
tm406098,NL,41
tm406098,NO,24
tm406098,SE,42
tm362047,US,2
tm362264,TZ,72
tm211554,SG,74
tm211554,US,2
tm211554,GB,3
tm211554,ID,51
tm211554,CA,20
tm211554,CN,54
tm407714,FR,5
ts57281,US,2
ts82564,JP,9
tm454156,ES,18
ts78590,BR,23
ts121489,US,2
tm983784,NZ,31
tm193211,TR,28
ts74816,US,2
tm320727,US,2
tm1082974,,26
tm480647,KG,94
tm346398,US,2
tm346867,US,2
tm372318,FR,5
tm425884,US,2
tm322210,ES,18
tm451512,GB,3
tm451512,US,2
ts84904,AU,19
tm362881,JP,9
tm322569,US,2
ts80035,US,2
ts57213,GB,3
ts57213,US,2
ts217891,JP,9
tm375962,BR,23
tm366972,KR,38
tm372917,IT,11
tm372917,CH,59
tm372917,VA,95
tm372917,FR,5
tm372917,DE,17
ts78507,US,2
ts57291,JP,9
ts55232,JP,9
tm409456,IN,4
tm157062,IN,4
tm998188,ES,18
ts89014,US,2
ts57985,US,2
ts98252,US,2
tm436266,NZ,31
tm364769,IN,4
tm364769,NP,96
tm323195,US,2
tm404569,IN,4
tm361633,GH,15
ts121176,US,2
ts98316,GB,3
tm362098,US,2
ts88394,US,2
ts121189,IN,4
ts74928,FR,5
ts98340,US,2
ts98340,CA,20
ts52950,TW,47
tm414676,BR,23
tm414220,US,2
tm414220,CA,20
tm368241,US,2
ts98353,US,2
tm282988,DE,17
ts98110,US,2
ts56038,US,2
ts74931,US,2
tm353875,BR,23
tm950444,IN,4
tm950444,US,2
ts81858,KR,38
tm327708,IN,4
ts54010,KR,38
ts84056,ES,18
ts79182,ES,18
tm452767,XX,69
tm368040,US,2
tm368040,GB,3
tm368040,ES,18
tm352243,US,2
ts80410,JP,9
tm429186,ES,18
tm324124,US,2
tm414887,US,2
ts79422,US,2
tm438502,ES,18
tm419733,US,2
tm352863,US,2
tm244041,GB,3
tm244041,NL,41
tm358949,CA,20
tm358949,US,2
tm897466,FR,5
tm897466,LU,61
tm320670,FR,5
tm320670,LU,61
tm320670,US,2
tm361312,US,2
tm283581,IN,4
tm324806,US,2
ts57913,KR,38
tm353046,US,2
tm1030241,IN,4
tm328175,FR,5
tm300440,FR,5
ts54112,TW,47
ts82327,RU,64
ts76382,US,2
tm332071,US,2
ts86946,FR,5
tm324588,US,2
ts83213,CN,54
ts81632,TW,47
ts77525,US,2
tm353627,US,2
tm430660,MY,34
tm325610,US,2
ts84341,TW,47
tm363329,CA,20
ts76869,JP,9
ts78080,US,2
tm518467,ES,18
tm518467,BE,14
tm518467,DE,17
ts76540,GB,3
tm1045741,MX,27
tm1045741,US,2
ts89251,US,2
tm246330,IN,4
tm344995,GB,3
ts77474,KR,38
ts75138,KR,38
ts58442,KR,38
tm376421,JP,9
ts76753,KR,38
tm456074,US,2
tm374357,AU,19
tm429174,FR,5
tm429174,ES,18
ts77795,GB,3
tm426117,IT,11
tm518107,NG,48
tm348191,PH,50
tm327619,IN,4
ts248736,NG,48
tm360763,ID,51
ts82860,SG,74
ts8614,SG,74
ts41114,SG,74
ts82475,SG,74
ts39465,SG,74
ts82582,SG,74
ts57814,JP,9
tm429208,CA,20
tm429208,CN,54
ts77011,JP,9
ts78305,ES,18
ts82913,US,2
tm327926,AE,53
tm327926,LB,10
tm409817,FR,5
tm409817,IN,4
ts77014,TR,28
tm348919,GB,3
tm427143,US,2
tm332500,PH,50
ts84328,AU,19
ts80208,ES,18
tm305112,KR,38
ts56251,JP,9
ts84542,KR,38
ts86089,KR,38
tm337040,US,2
tm420334,US,2
ts74959,AU,19
ts119220,US,2
ts81885,US,2
tm345960,MX,27
ts90941,AR,12
tm327636,US,2
ts57116,AU,19
tm458127,US,2
ts119730,,26
tm361770,US,2
ts75355,IT,11
tm458893,RO,76
ts97584,US,2
ts74805,US,2
tm368538,FR,5
ts79988,JP,9
tm847805,IN,4
tm349803,US,2
tm349803,CA,20
tm349138,US,2
ts118696,KR,38
tm421776,US,2
tm313424,IN,4
ts80342,PH,50
ts78801,US,2
tm886086,US,2
tm328052,FR,5
tm349418,NG,48
ts41995,AU,19
tm920320,DK,40
tm920320,EG,1
tm920320,DE,17
tm479933,XX,69
tm366143,IL,65
tm351216,US,2
tm456667,,26
ts82849,US,2
tm420989,US,2
ts91034,IN,4
ts78558,US,2
tm347821,US,2
ts88469,BE,14
ts119087,BY,97
tm922407,IN,4
tm1086874,IN,4
tm352033,DE,17
tm352033,IT,11
ts75749,KR,38
tm348993,NO,24
tm348993,US,2
tm348993,IS,43
tm358239,US,2
tm347530,US,2
ts75491,US,2
tm347850,US,2
tm453098,KR,38
tm514257,ES,18
tm514494,DE,17
tm514494,ES,18
tm348568,US,2
ts81734,CN,54
ts76956,AU,19
tm349529,CU,98
tm349529,US,2
tm348281,GB,3
tm459024,AR,12
tm459024,IT,11
ts88312,FR,5
ts88312,US,2
tm413266,CA,20
tm413266,JP,9
tm413266,US,2
ts75357,US,2
ts78789,JP,9
ts76245,MX,27
ts79813,US,2
tm348845,US,2
tm429172,ES,18
ts75750,KR,38
tm415875,FR,5
ts75718,US,2
tm351214,US,2
ts75477,US,2
ts81596,AE,53
ts81596,SA,45
ts81596,SY,99
tm465408,US,2
tm371212,CA,20
tm348175,IE,25
tm474862,US,2
tm478147,NO,24
tm478147,NG,48
ts84335,PL,62
ts84010,AU,19
ts88262,GB,3
tm460948,US,2
tm366973,US,2
tm479734,ZA,37
tm479734,CA,20
tm376015,US,2
tm368448,ES,18
tm432327,IN,4
tm353247,IN,4
ts83107,US,2
tm409494,US,2
ts83970,US,2
ts84833,MX,27
ts79856,JP,9
tm361505,CA,20
ts82912,US,2
tm351688,US,2
tm450673,US,2
ts82398,US,2
ts84645,US,2
tm427465,US,2
tm227523,NG,48
tm406111,GB,3
tm406111,US,2
ts75772,GB,3
tm325325,US,2
tm464351,GB,3
tm464351,US,2
tm361998,FR,5
tm995893,PS,21
tm367065,GB,3
tm367065,US,2
tm367065,SG,74
tm408892,ES,18
tm408892,IT,11
tm1111987,GB,3
tm359103,JP,9
tm350971,PE,22
ts70631,JP,9
tm367613,IN,4
ts82419,US,2
tm824477,CN,54
tm824477,US,2
ts81036,,26
tm359150,BE,14
tm359150,FR,5
tm359150,IT,11
ts78217,ES,18
ts80993,CN,54
ts81884,GB,3
tm353791,PH,50
tm512751,NG,48
tm450832,FR,5
tm352951,PH,50
ts78031,PL,62
ts76511,GB,3
tm473502,IN,4
tm354136,MX,27
ts86497,US,2
ts76486,KR,38
tm371380,US,2
tm463217,IN,4
tm408871,ES,18
tm409376,CO,30
ts35426,GB,3
tm407775,FR,5
tm449195,MW,100
tm449195,GB,3
tm449195,US,2
tm351181,TR,28
tm351171,TR,28
tm349273,TR,28
tm412489,QA,52
tm412489,TN,101
tm412489,BE,14
tm412489,FR,5
ts77852,US,2
tm352705,GB,3
tm817504,US,2
tm893480,US,2
ts86908,US,2
tm849003,US,2
tm511940,US,2
tm511991,IN,4
tm889629,US,2
ts80856,US,2
ts76509,US,2
ts79660,CA,20
ts79660,GB,3
ts76603,JP,9
tm372061,IN,4
tm352865,XX,69
tm356666,US,2
tm403197,LB,10
tm358188,MX,27
tm1022893,NZ,31
tm1022893,HK,13
ts83555,US,2
tm357272,US,2
tm465427,PH,50
ts80059,GB,3
tm370530,AU,19
tm897418,FR,5
tm454879,RU,64
ts77600,US,2
tm423666,CN,54
ts116814,BE,14
tm424032,ES,18
tm424032,AR,12
tm368284,CO,30
tm430090,PY,102
tm376709,CL,39
tm376709,MX,27
tm376709,US,2
tm414746,MX,27
tm416134,AR,12
tm371622,AR,12
tm407318,MX,27
tm423802,AR,12
tm369452,AR,12
tm369210,CO,30
tm408257,AR,12
tm408257,US,2
tm369453,MX,27
tm426367,MX,27
ts225522,DE,17
tm367105,CO,30
tm357820,US,2
ts83455,,26
tm355724,US,2
tm439678,AR,12
tm359714,US,2
tm424888,MX,27
tm430281,IN,4
tm433228,GB,3
tm428483,PH,50
ts79585,US,2
ts76478,KR,38
tm416341,JP,9
ts116101,GB,3
ts88234,GB,3
tm351201,TR,28
ts84243,IT,11
tm425698,IN,4
tm425698,GB,3
tm358370,IN,4
tm403709,GB,3
tm835414,IN,4
tm375091,US,2
ts83763,GB,3
ts81886,US,2
ts90594,US,2
tm370781,CL,39
ts86994,GB,3
ts80617,TR,28
ts82851,US,2
tm365670,PE,22
tm358242,US,2
tm370232,US,2
tm430057,AT,49
tm430057,IQ,82
tm430057,US,2
tm368697,PH,50
tm363003,US,2
tm363488,US,2
tm360945,IN,4
ts78053,JP,9
ts81485,US,2
ts80445,,26
ts81483,FR,5
ts77520,JP,9
tm431081,NG,48
tm361161,GB,3
tm919869,DE,17
tm919869,FR,5
ts90019,US,2
tm426202,US,2
tm848995,US,2
ts85659,US,2
tm363088,GB,3
ts80671,US,2
tm1046932,JP,9
tm1046932,TH,46
tm1046932,US,2
tm1018427,US,2
tm452867,KR,38
tm358813,US,2
tm478967,AE,53
ts79234,US,2
ts82372,US,2
ts81331,US,2
tm510525,IN,4
ts77955,US,2
tm369079,US,2
tm364206,BR,23
tm434008,US,2
ts82160,US,2
tm368310,DE,17
tm368310,NO,24
tm368310,PE,22
tm363922,RU,64
tm363922,RS,103
tm363922,PL,62
ts77799,US,2
ts82915,GB,3
ts84200,US,2
ts79229,US,2
tm435916,US,2
ts87248,US,2
ts77467,JP,9
tm372486,DE,17
tm450375,IN,4
ts77545,US,2
ts82739,NL,41
ts82739,BE,14
tm244310,IN,4
tm369433,IN,4
tm478962,IN,4
ts57196,GB,3
tm321149,BR,23
tm859143,IN,4
tm443034,ES,18
ts77518,JP,9
ts77787,JP,9
ts79926,GB,3
tm478701,NG,48
tm442354,IN,4
ts95997,US,2
ts77824,US,2
tm375912,GB,3
tm823355,US,2
tm405738,AR,12
tm405738,ES,18
tm371882,CN,54
tm362878,ID,51
tm911973,US,2
tm372969,IN,4
tm336084,IN,4
tm368441,IN,4
tm405637,EG,1
tm351505,KR,38
tm366383,TR,28
ts54028,IS,43
ts78382,US,2
ts95855,,26
ts85660,KR,38
tm446480,ID,51
ts77957,US,2
ts78353,KR,38
ts78206,KR,38
ts81856,BR,23
ts78707,US,2
tm405901,US,2
ts77783,JP,9
ts58367,GB,3
tm368006,US,2
tm478654,US,2
tm430426,EG,1
ts79045,US,2
ts78099,AU,19
ts78099,US,2
ts221904,US,2
tm433381,ES,18
tm372035,FR,5
ts78298,KR,38
ts79679,TR,28
tm370472,XX,69
tm370628,US,2
tm375302,,26
ts78767,IT,11
ts78444,US,2
ts76646,JP,9
tm374395,IN,4
ts78145,US,2
ts75887,GB,3
tm1127695,ES,18
tm1127695,FR,5
tm369594,US,2
tm371741,CO,30
ts77770,JP,9
ts114080,FR,5
ts79157,JP,9
tm370440,US,2
ts85968,PR,87
ts81646,US,2
ts113506,GB,3
ts79707,AR,12
ts83457,ES,18
ts83457,US,2
ts79546,JP,9
tm357708,KR,38
ts95569,US,2
tm373873,US,2
tm855600,US,2
ts84663,US,2
ts90869,US,2
ts113109,GB,3
tm852172,NL,41
tm852172,US,2
tm850404,US,2
tm370144,US,2
ts78692,US,2
tm369315,IN,4
tm425748,ZW,104
tm371619,SG,74
tm371619,ID,51
tm371619,MY,34
ts80479,KR,38
tm843958,US,2
tm847623,US,2
ts113031,,26
tm374216,US,2
tm417392,AU,19
tm417392,US,2
ts95572,GB,3
tm404856,US,2
ts31514,US,2
tm452851,IL,65
tm452851,US,2
tm452851,FR,5
tm452851,DE,17
ts113842,GB,3
ts87224,CO,30
ts85618,US,2
ts88471,BR,23
tm373864,AR,12
ts79219,US,2
tm372891,US,2
ts81344,US,2
tm235005,CA,20
tm235005,NG,48
tm376844,MX,27
tm376844,CO,30
ts89315,FR,5
ts113748,US,2
tm861000,CA,20
tm861000,GB,3
tm861000,US,2
ts80751,US,2
tm949905,IN,4
tm363231,JP,9
ts80523,JP,9
ts79026,GB,3
ts86978,ES,18
tm423315,PE,22
ts89696,MX,27
ts113637,ES,18
ts80962,US,2
tm440946,CA,20
tm455568,US,2
tm373452,IN,4
tm408781,PK,92
ts80090,JP,9
tm373134,TR,28
ts80600,MX,27
tm428506,IN,4
tm433462,US,2
ts83561,TR,28
tm417440,ES,18
ts112733,IN,4
tm267429,US,2
tm416105,US,2
tm441232,US,2
tm371188,ID,51
ts79997,KR,38
ts85034,US,2
tm375836,LB,10
tm359975,KR,38
ts79330,GB,3
tm369389,FR,5
tm369389,ES,18
tm369389,US,2
tm369389,CA,20
tm452574,US,2
ts81064,US,2
ts84780,CO,30
tm417553,US,2
tm411358,US,2
tm376801,US,2
tm404475,US,2
tm463806,US,2
ts85480,JP,9
ts95274,FR,5
tm423624,IN,4
tm422715,IN,4
tm374226,US,2
tm448792,US,2
tm448792,CA,20
ts86726,US,2
ts89336,US,2
ts112667,US,2
ts79409,JP,9
tm836662,AU,19
tm410748,US,2
tm428558,US,2
ts84372,KR,38
tm973335,IN,4
tm458328,IN,4
tm349134,CL,39
tm408941,IE,25
ts83745,US,2
tm404828,KR,38
tm915043,US,2
tm1110150,US,2
ts83025,,26
ts85276,KR,38
ts80411,KR,38
ts89876,US,2
ts79695,BR,23
tm413082,US,2
tm434917,FR,5
tm418847,DE,17
tm458553,US,2
ts112279,,26
tm455161,IN,4
tm405849,CN,54
tm405849,JP,9
tm408306,CA,20
tm503508,JP,9
tm503508,GB,3
tm443186,US,2
tm420455,US,2
ts271888,US,2
tm858471,CA,20
ts81526,FR,5
ts83359,KR,38
ts80313,US,2
tm464557,US,2
tm407881,FR,5
tm1081074,US,2
tm418039,US,2
tm435836,IN,4
ts84661,US,2
tm447755,AU,19
tm139870,US,2
tm823302,BR,23
tm404449,MX,27
ts81318,IL,65
tm406831,JP,9
tm824398,ES,18
tm453994,CA,20
tm453994,NO,24
tm1038369,US,2
tm431169,TW,47
tm431169,US,2
ts83540,US,2
ts85170,KR,38
tm863919,US,2
tm863919,CA,20
tm863919,CN,54
tm460360,FR,5
tm460360,ES,18
ts81583,KR,38
tm897170,FR,5
ts58061,CN,54
tm407827,NL,41
tm407827,BE,14
ts111582,ES,18
tm502532,US,2
tm408104,GB,3
tm438994,US,2
tm415938,MX,27
tm373471,IN,4
ts80466,GB,3
tm411507,US,2
tm420789,IN,4
tm444564,MX,27
ts85895,RU,64
tm445153,IN,4
ts88613,GB,3
ts83657,US,2
ts80030,US,2
tm502151,ES,18
tm984155,US,2
ts82892,GB,3
tm423373,IN,4
tm475815,IN,4
ts87008,GB,3
tm912100,GB,3
tm912100,US,2
tm317542,US,2
tm76557,EG,1
tm373655,IN,4
ts111206,US,2
tm444799,CA,20
ts94677,US,2
tm411257,US,2
tm451171,NG,48
tm411528,US,2
ts80413,KR,38
tm411750,US,2
tm413557,JP,9
tm440208,TZ,72
tm449860,NG,48
tm317850,NG,48
tm411856,US,2
ts80705,US,2
tm412273,XX,69
tm411467,FR,5
tm453727,US,2
ts58528,US,2
tm420348,US,2
tm889647,US,2
ts85686,NZ,31
ts110703,GB,3
tm441050,US,2
tm441050,GB,3
tm501313,FR,5
tm501313,DE,17
tm501313,US,2
ts80709,US,2
tm413169,US,2
tm413169,AU,19
ts81757,MX,27
tm501222,ES,18
tm410298,FR,5
tm410298,IT,11
ts81007,GB,3
ts89881,US,2
ts110637,FR,5
ts110635,IT,11
ts86413,US,2
ts88296,NL,41
tm435520,US,2
tm477838,KE,79
tm466084,FR,5
ts81120,US,2
ts81294,US,2
ts83251,US,2
tm350945,ID,51
tm430496,US,2
tm432765,US,2
tm433048,US,2
tm500565,US,2
ts77034,CN,54
tm417111,PE,22
tm677746,FR,5
tm677746,IN,4
tm677746,QA,52
tm413955,DK,40
tm419496,IN,4
tm457410,TR,28
tm454431,HK,13
tm413129,PH,50
tm414447,TW,47
ts84135,MX,27
ts76313,AU,19
ts84985,GB,3
tm834847,ZA,37
tm445456,IN,4
tm409942,FR,5
ts88699,CA,20
tm420274,AU,19
tm452996,US,2
tm421161,US,2
tm418894,MX,27
tm438105,CZ,36
ts80692,JP,9
tm847008,FR,5
tm847008,BR,23
ts90645,ES,18
tm425138,JP,9
tm459742,US,2
ts83204,GB,3
tm421748,IN,4
tm446558,TR,28
ts81857,MX,27
ts82887,JP,9
ts84799,ES,18
tm458186,BD,91
ts82323,TW,47
ts82631,TH,46
tm369456,XX,69
tm845489,GB,3
ts87986,US,2
tm459527,TR,28
tm838687,US,2
tm407730,ID,51
tm416121,ID,51
tm432838,ES,18
ts89130,ES,18
tm375729,CN,54
tm992260,US,2
tm889679,US,2
ts321758,KR,38
tm458585,US,2
ts80084,JP,9
tm450512,PK,92
tm475339,US,2
ts88608,IN,4
tm465864,AE,53
ts41883,KR,38
tm447439,DE,17
tm367008,US,2
ts286632,AU,19
tm499724,NG,48
tm1000147,GB,3
ts83502,FR,5
tm462277,IN,4
ts83407,US,2
ts81821,CO,30
ts82127,JP,9
tm430748,IN,4
tm419595,KR,38
ts85619,ES,18
tm849004,US,2
tm350116,IN,4
tm420311,BR,23
ts85810,AE,53
ts82296,KR,38
tm424162,TW,47
tm371952,IN,4
ts82500,,26
ts58068,GB,3
tm426238,MY,34
ts84346,US,2
ts84346,MX,27
tm372610,GB,3
tm421560,FR,5
tm421560,BE,14
tm460198,NG,48
tm983723,GB,3
tm983723,US,2
ts4924,TW,47
tm814734,DE,17
tm499045,AU,19
ts82424,US,2
tm421335,US,2
tm440255,PL,62
tm927480,US,2
tm1004011,IN,4
tm1146751,TZ,72
tm498803,US,2
tm845437,US,2
ts89067,JP,9
ts88283,US,2
tm432022,JP,9
ts93981,MX,27
tm431349,IN,4
tm444043,CA,20
ts93947,AU,19
tm445255,IN,4
tm417488,EG,1
tm446424,CA,20
tm426260,ID,51
ts90596,CA,20
ts90596,US,2
ts90596,IE,25
ts82228,JP,9
tm918962,CA,20
tm451548,JP,9
ts81918,US,2
ts108593,US,2
ts86940,,26
ts88151,SE,42
tm471288,ZA,37
ts81944,,26
tm431321,US,2
ts82597,US,2
ts251067,US,2
ts108621,ES,18
ts81414,CN,54
ts89282,ES,18
ts84644,US,2
ts82181,JP,9
ts82550,,26
tm423761,US,2
ts82705,BR,23
ts82705,CA,20
ts82361,JP,9
tm498034,US,2
tm824331,US,2
tm438995,US,2
ts82526,US,2
tm445735,US,2
tm452440,BR,23
tm498444,,26
tm979026,US,2
tm946360,US,2
tm444469,SG,74
tm444469,PH,50
ts82560,NZ,31
tm425944,SG,74
tm425944,FR,5
tm425944,NL,41
tm470560,US,2
ts83070,US,2
tm472195,US,2
ts216679,US,2
ts108385,US,2
tm946927,US,2
ts108392,GB,3
tm465724,US,2
tm1198745,CA,20
tm1198745,US,2
tm922429,US,2
ts82559,US,2
ts82559,GB,3
tm908128,IN,4
tm828318,IN,4
tm464509,IN,4
ts82875,JP,9
tm442805,TR,28
tm455410,FR,5
tm454375,US,2
ts89958,KR,38
tm430666,MY,34
ts83430,JP,9
ts86279,US,2
tm414962,ID,51
tm430059,PH,50
tm313712,IN,4
ts224072,US,2
ts84574,US,2
ts82843,US,2
ts83247,US,2
tm444821,IT,11
ts86165,US,2
tm427335,US,2
tm427335,CA,20
tm496648,FR,5
ts107963,,26
tm443537,IN,4
tm983787,US,2
tm429377,US,2
ts108042,MX,27
ts90729,US,2
ts84633,JP,9
ts80859,CN,54
ts83071,BR,23
tm431810,GB,3
ts82867,US,2
ts83360,KR,38
ts83790,KR,38
tm421125,EG,1
tm430171,US,2
tm422359,PH,50
ts85175,TH,46
ts93611,US,2
tm456983,IN,4
ts107543,SG,74
tm433215,PH,50
ts77219,KR,38
tm313748,US,2
tm423140,GB,3
tm428597,US,2
tm430120,UY,32
tm430120,MX,27
tm430120,ES,18
tm918734,US,2
tm918734,GB,3
tm494577,NG,48
tm459789,US,2
tm445258,XX,69
tm477403,IN,4
tm459329,IN,4
ts83232,PL,62
tm451078,JP,9
tm494288,NG,48
tm428877,TR,28
ts321277,US,2
ts83491,US,2
tm444576,US,2
tm469008,US,2
tm430104,KR,38
ts83820,TH,46
tm494190,MZ,105
ts84179,US,2
ts288195,BR,23
ts107658,JP,9
ts107658,US,2
ts107724,DE,17
ts83082,US,2
tm845117,US,2
ts84484,US,2
tm1063013,RO,76
tm1063013,SE,42
ts86067,US,2
ts83814,CO,30
tm451852,ID,51
ts84533,US,2
ts83663,TW,47
ts83710,US,2
ts83925,AR,12
ts83906,US,2
ts80057,JP,9
ts84038,US,2
tm434179,ES,18
tm471968,GB,3
tm471968,US,2
tm471968,CA,20
tm423593,ID,51
ts83429,,26
tm426634,QA,52
tm426634,SY,99
tm426634,FR,5
tm426634,LB,10
tm430106,RS,103
tm430106,UY,32
tm430106,AR,12
tm848996,US,2
tm493511,IN,4
tm493556,IN,4
tm949382,IN,4
tm990835,IN,4
tm460815,IN,4
ts106612,,26
ts84932,BR,23
ts93482,US,2
tm495609,IN,4
ts86296,GB,3
ts83537,PL,62
tm426983,AT,49
tm845496,US,2
ts89564,US,2
ts84167,TW,47
tm496322,US,2
tm822832,PH,50
tm822832,US,2
tm431347,US,2
tm460124,GB,3
tm460124,US,2
tm441198,US,2
tm368699,US,2
tm475254,BD,91
tm450462,IN,4
ts85217,US,2
tm1000619,IN,4
ts89747,ES,18
ts85183,BR,23
ts84146,US,2
ts82218,JP,9
tm849131,GB,3
ts82445,CN,54
tm882606,IN,4
tm831196,IN,4
tm931686,US,2
tm494731,US,2
tm461827,ES,18
tm494847,IN,4
tm455197,IN,4
ts85451,ES,18
tm494531,ES,18
tm912190,IN,4
ts84280,JP,9
ts89048,KR,38
ts218803,US,2
tm464542,IN,4
ts88578,US,2
tm1036270,ZA,37
tm851862,MX,27
tm493175,GB,3
tm827638,US,2
tm434676,US,2
tm458467,US,2
tm474548,US,2
tm493814,ID,51
tm437608,US,2
tm462311,BE,14
tm462311,DE,17
tm434126,BR,23
ts84129,US,2
tm435487,ID,51
tm457856,,26
tm464527,,26
tm470378,US,2
tm473647,US,2
ts90280,MX,27
ts84597,US,2
ts106141,BR,23
tm244134,US,2
ts106126,FR,5
tm885845,US,2
tm450262,BE,14
tm450262,SE,42
tm450262,GB,3
tm460411,TR,28
ts106015,JP,9
ts89210,US,2
tm438005,PH,50
tm434776,US,2
tm434727,US,2
tm818502,ES,18
tm431760,MY,34
tm817709,GB,3
ts93066,US,2
ts287352,IL,65
ts106536,GB,3
tm438423,PH,50
ts83045,CN,54
tm437631,US,2
ts84779,US,2
ts84782,KR,38
ts84782,US,2
ts85126,US,2
ts309731,ES,18
ts309731,IT,11
ts89840,US,2
ts237107,US,2
ts86814,US,2
tm450769,IN,4
tm436704,US,2
tm374845,JP,9
tm449594,FR,5
tm492277,ID,51
ts87488,US,2
tm845549,US,2
tm845549,GB,3
tm436470,US,2
tm452929,ES,18
tm1080083,GB,3
tm1080083,US,2
tm1080083,GR,58
ts105825,IS,43
ts105441,GB,3
tm477006,IN,4
tm973704,IN,4
tm818499,SG,74
tm818499,MY,34
ts84586,US,2
tm437159,US,2
ts86744,KR,38
ts93054,US,2
tm443993,ES,18
tm925490,JP,9
tm925490,US,2
tm925490,CN,54
tm491499,AE,53
ts91124,KR,38
ts55532,US,2
tm476960,,26
tm463038,ES,18
ts105047,RU,64
ts85837,KR,38
ts306187,US,2
tm438250,MX,27
tm438250,AR,12
tm476959,LB,10
ts105542,US,2
ts95011,US,2
ts88379,GB,3
ts105601,US,2
ts105589,US,2
ts255779,US,2
tm475501,US,2
ts105645,US,2
ts225061,US,2
ts105608,AR,12
tm855839,DK,40
ts84930,FR,5
tm440996,US,2
tm492043,IN,4
ts249891,US,2
tm996479,IN,4
tm996479,GB,3
tm460199,IN,4
tm816432,IN,4
tm838007,IN,4
tm366025,FR,5
ts82583,SG,74
ts105192,AU,19
ts104840,DE,17
ts246073,DE,17
ts246072,DE,17
ts89744,DE,17
ts86949,GB,3
tm938793,AU,19
tm440324,CO,30
tm476922,LB,10
tm933375,FR,5
ts90508,GB,3
tm443283,US,2
ts85202,US,2
ts85250,US,2
ts85967,US,2
tm858869,DE,17
tm858869,US,2
tm897732,BE,14
tm897732,FR,5
tm467116,US,2
tm467116,SE,42
tm1000037,CZ,36
tm1000037,DE,17
tm472766,BR,23
tm474061,US,2
tm34391,GB,3
ts82592,SG,74
tm441915,US,2
tm458074,BR,23
tm246870,CA,20
tm246870,US,2
tm326270,US,2
tm450698,FR,5
tm450698,IT,11
tm441060,US,2
ts92547,TR,28
tm445852,XX,69
ts104362,US,2
ts84646,DK,40
ts104401,NO,24
tm827501,US,2
ts85398,GB,3
tm449590,US,2
tm413049,CN,54
tm490222,US,2
tm952590,US,2
ts86928,KR,38
ts92726,GB,3
tm446104,PH,50
tm454096,US,2
tm468200,IN,4
ts85510,US,2
ts104168,US,2
ts256310,US,2
tm435295,ID,51
ts104449,US,2
tm931158,US,2
tm850723,JP,9
ts287328,US,2
ts104499,PH,50
ts104483,IN,4
ts104485,TH,46
ts104507,TW,47
ts104516,,26
tm447261,US,2
tm447514,US,2
ts104093,,26
ts86682,US,2
tm445899,US,2
tm445899,PL,62
ts87194,AU,19
ts86164,JP,9
ts92825,US,2
ts89069,DK,40
ts89069,US,2
ts103935,CO,30
ts89340,MX,27
ts103918,CO,30
ts103890,AU,19
ts87466,JP,9
tm1033635,US,2
tm837690,IN,4
tm857430,ES,18
ts284800,GB,3
ts86365,JP,9
ts87473,JP,9
tm446987,GB,3
tm446176,US,2
tm459512,US,2
tm448767,US,2
tm446625,US,2
tm446609,US,2
ts103702,GB,3
ts92405,IN,4
tm451269,PH,50
ts88721,US,2
tm823459,US,2
tm452237,US,2
ts103638,US,2
tm935309,FR,5
tm935309,LT,63
tm935309,GB,3
tm450129,PH,50
tm472999,IN,4
ts103574,SN,57
ts89028,IN,4
tm548602,US,2
tm447328,US,2
tm312767,US,2
tm447788,US,2
ts89538,ES,18
ts286390,ES,18
tm814671,US,2
tm986168,US,2
ts243036,US,2
ts87364,US,2
tm436171,AR,12
tm440678,KR,38
ts87489,US,2
tm452573,US,2
ts103213,ZA,37
tm448122,US,2
ts90621,IN,4
ts86945,US,2
tm834886,KW,55
ts103133,US,2
tm810873,IN,4
ts103360,ES,18
ts103329,JP,9
tm488551,IN,4
ts86927,KR,38
tm1087160,CL,39
tm1087160,PE,22
tm447520,US,2
ts102933,ES,18
tm449070,GB,3
tm449070,US,2
ts87369,CA,20
ts55365,KR,38
tm301024,FR,5
ts84639,JP,9
tm454338,PH,50
ts88783,JP,9
tm466544,IN,4
tm476708,TR,28
tm411649,IN,4
tm844250,IN,4
tm451584,ID,51
ts86302,ID,51
ts38812,US,2
tm452578,US,2
ts87043,,26
ts88361,US,2
tm466954,US,2
tm470597,CN,54
tm470597,US,2
tm476593,IN,4
tm453099,US,2
ts223986,US,2
ts236388,FR,5
ts226403,BR,23
ts91990,US,2
ts87698,ES,18
tm452900,CL,39
ts87680,MX,27
tm454464,CN,54
tm476570,,26
ts87453,US,2
tm850382,IN,4
tm886464,US,2
tm356684,BE,14
tm356684,ES,18
tm925486,US,2
tm925486,CY,106
tm471922,FR,5
ts90413,FR,5
ts90413,US,2
ts101874,CO,30
ts101883,,26
ts281928,US,2
tm836638,BE,14
tm836638,FR,5
tm836638,IT,11
tm454861,MX,27
tm455715,ID,51
tm464947,NG,48
ts88336,US,2
ts88146,US,2
ts88552,AR,12
tm948916,AT,49
tm948916,DE,17
tm1048678,US,2
tm925858,ES,18
tm925858,US,2
tm925858,BE,14
tm455981,IN,4
tm826368,US,2
tm468811,IN,4
tm484989,ES,18
tm476496,IN,4
ts88909,GB,3
tm470240,US,2
tm456436,US,2
tm456436,CA,20
ts224796,MY,34
ts224796,TW,47
tm435327,ID,51
tm485801,ES,18
tm485801,PT,75
ts102086,GB,3
ts224901,GB,3
ts90880,IT,11
tm824160,US,2
ts88166,MX,27
ts88271,CN,54
ts101503,US,2
tm931701,NG,48
ts317497,ES,18
ts101408,ES,18
ts91741,,26
ts89361,ES,18
ts236501,ES,18
tm954543,US,2
tm350159,NG,48
tm814652,IN,4
tm1046264,ES,18
ts87320,CA,20
tm462037,CL,39
tm461532,TR,28
tm467848,JP,9
tm435333,JP,9
tm484173,IN,4
tm1067260,IN,4
tm239078,US,2
tm458721,US,2
ts101060,US,2
tm843444,US,2
tm440415,US,2
tm483997,GB,3
ts101042,MX,27
tm925584,US,2
tm462660,TH,46
tm469991,FR,5
tm849407,DE,17
tm863890,DE,17
tm818588,MX,27
tm1079495,AU,19
ts89583,CA,20
tm461829,US,2
ts88744,GB,3
ts88937,ZA,37
tm462778,US,2
ts89363,,26
ts89182,TW,47
ts89339,US,2
tm461427,IN,4
tm464212,FR,5
tm483511,IN,4
tm861718,GB,3
tm483190,,26
tm483420,GB,3
ts88577,US,2
tm948681,ES,18
ts225912,DE,17
tm460829,JP,9
tm817087,IT,11
ts100359,US,2
ts100354,AR,12
tm470836,US,2
tm483103,EG,1
tm824165,US,2
tm463814,IT,11
tm465231,US,2
tm936396,US,2
tm463827,FR,5
tm433087,MY,34
ts53017,CN,54
tm483602,IN,4
ts89119,GB,3
tm474263,,26
ts88133,CN,54
tm465513,US,2
ts82914,US,2
ts56595,,26
tm834851,US,2
tm834851,GB,3
ts90994,US,2
tm814644,US,2
ts89075,KR,38
ts100116,CA,20
tm898262,AR,12
tm898262,ES,18
tm898262,FR,5
tm1000166,ID,51
tm1019084,US,2
tm1019084,CA,20
tm1019822,,26
tm1020326,US,2
tm1022280,IN,4
tm1026231,JP,9
tm1027297,HK,13
tm1028068,ID,51
tm1030071,IN,4
tm1030495,ES,18
tm1030742,,26
tm1032950,CA,20
tm1035612,US,2
tm1036195,PS,21
tm1036542,HU,66
tm1036542,CA,20
tm1036794,ID,51
tm1039571,US,2
tm1040959,,26
tm1042277,US,2
tm1044275,IT,11
tm1047429,,26
tm1049083,PH,50
tm1068745,NG,48
tm1073233,,26
tm1073298,NG,48
tm1073424,,26
tm1073433,,26
tm1073482,,26
tm1073802,IN,4
tm1074617,US,2
tm1074621,US,2
tm1074622,US,2
tm1075596,US,2
tm1080109,NG,48
tm1080554,,26
tm1091823,IN,4
tm1096875,US,2
tm1106806,US,2
tm1106806,GB,3
tm1108171,,26
tm1109080,IN,4
tm1111717,US,2
tm1111920,DE,17
tm1114639,IN,4
tm1118527,,26
tm1142517,US,2
tm1143319,,26
tm1147120,US,2
tm1164320,US,2
tm1173363,,26
tm1173806,IN,4
tm1194608,IN,4
tm1195428,,26
tm1196288,US,2
tm1198504,JP,9
tm1201670,US,2
tm1202960,,26
tm126791,EG,1
tm128073,GB,3
tm132164,US,2
tm132675,US,2
tm137379,US,2
tm139617,US,2
tm140334,US,2
tm145690,NG,48
tm165521,US,2
tm165521,GB,3
tm165712,GB,3
tm170395,US,2
tm170395,ZA,37
tm170395,DE,17
tm176507,US,2
tm177223,US,2
tm177376,US,2
tm178395,US,2
tm180802,US,2
tm182534,US,2
tm186461,GB,3
tm186461,US,2
tm186461,JP,9
tm186777,EG,1
tm188894,EG,1
tm195620,US,2
tm199987,US,2
tm210754,TR,28
tm215265,FR,5
tm215265,DE,17
tm215265,PS,21
tm215638,BG,83
tm228657,NL,41
tm229140,US,2
tm235227,US,2
tm238681,US,2
tm238829,US,2
tm238829,CA,20
tm239635,GB,3
tm240007,US,2
tm242745,US,2
tm243849,US,2
tm252245,SY,99
tm252245,GB,3
tm255589,,26
tm266628,US,2
tm31290,CA,20
tm313374,CZ,36
tm319354,JP,9
tm319354,US,2
tm319354,CA,20
tm321563,DK,40
tm321563,GR,58
tm321563,GB,3
tm323907,CA,20
tm323907,US,2
tm324041,,26
tm324042,GB,3
tm324042,US,2
tm325102,US,2
tm327219,US,2
tm335263,XX,69
tm340366,,26
tm341561,PS,21
tm349140,,26
tm349752,US,2
tm350044,,26
tm350887,CA,20
tm352642,LB,10
tm352642,PS,21
tm360904,US,2
tm361743,KR,38
tm361743,FR,5
tm361743,JP,9
tm362180,US,2
tm362737,CH,59
tm364417,PL,62
tm364525,US,2
tm376840,US,2
tm404610,US,2
tm404676,US,2
tm414595,US,2
tm418157,,26
tm41953,GB,3
tm421214,SA,45
tm421611,EG,1
tm422510,EG,1
tm428982,EG,1
tm429383,KR,38
tm429567,US,2
tm435144,US,2
tm443073,US,2
tm444257,IN,4
tm444907,IN,4
tm446206,IE,25
tm446206,CA,20
tm447263,US,2
tm447750,JP,9
tm447915,,26
tm448690,,26
tm452046,NL,41
tm452962,FR,5
tm452962,ES,18
tm452962,US,2
tm456271,LB,10
tm456894,US,2
tm458034,US,2
tm458418,KR,38
tm461726,US,2
tm462903,US,2
tm462903,BE,14
tm463592,JP,9
tm463592,GB,3
tm464888,IN,4
tm465984,CN,54
tm465984,ES,18
tm467579,US,2
tm467804,IN,4
tm468724,CN,54
tm468724,US,2
tm470687,CO,30
tm472961,US,2
tm473601,AR,12
tm474647,JP,9
tm475162,US,2
tm475162,CA,20
tm53625,,26
tm53999,US,2
tm67444,US,2
tm7135,US,2
tm72251,US,2
tm72251,GB,3
tm75022,US,2
tm76428,US,2
tm78189,BG,83
tm78189,GB,3
tm78189,US,2
tm80487,US,2
tm810357,CA,20
tm810657,IN,4
tm810836,IN,4
tm811691,GB,3
tm823848,EG,1
tm824324,EG,1
tm824858,PH,50
tm826473,TW,47
tm826677,TH,46
tm826875,FR,5
tm826983,PH,50
tm830994,,26
tm831125,US,2
tm833555,KR,38
tm834121,MX,27
tm834121,US,2
tm834230,ES,18
tm835305,US,2
tm835357,MX,27
tm836438,US,2
tm837042,JP,9
tm837648,FR,5
tm838869,FR,5
tm838954,MY,34
tm839847,US,2
tm840152,NL,41
tm840152,PS,21
tm840152,US,2
tm840152,LB,10
tm840242,US,2
tm840761,GB,3
tm840761,US,2
tm841410,US,2
tm842829,PH,50
tm843143,ID,51
tm843222,JP,9
tm84348,US,2
tm843944,MX,27
tm844236,CA,20
tm844497,US,2
tm845370,US,2
tm845370,MX,27
tm845512,US,2
tm845552,US,2
tm845588,US,2
tm845850,MX,27
tm845850,US,2
tm846941,US,2
tm847212,IN,4
tm847430,JP,9
tm847678,JP,9
tm848663,IN,4
tm849251,AR,12
tm849565,ID,51
tm850176,,26
tm850730,ES,18
tm850862,US,2
tm851055,,26
tm852185,IN,4
tm852207,LB,10
tm852207,GB,3
tm852207,DK,40
tm853091,EG,1
tm853396,US,2
tm853953,US,2
tm85426,EG,1
tm854278,FR,5
tm854749,IT,11
tm855232,,26
tm855535,PL,62
tm856372,SA,45
tm856424,IN,4
tm857805,TW,47
tm857873,IN,4
tm857921,PS,21
tm857921,QA,52
tm858001,US,2
tm858416,IN,4
tm859256,IN,4
tm859424,AF,80
tm859424,DE,17
tm859424,PS,21
tm860204,VN,78
tm860487,US,2
tm860965,US,2
tm863879,IN,4
tm8687,US,2
tm87909,,26
tm881973,CA,20
tm882222,AE,53
tm882875,JP,9
tm883113,BE,14
tm883113,FR,5
tm884531,DE,17
tm885364,MX,27
tm885470,,26
tm885860,AU,19
tm885938,BR,23
tm887376,JP,9
tm887376,US,2
tm887376,FR,5
tm888850,JP,9
tm889018,CL,39
tm889200,JP,9
tm889390,US,2
tm89054,XX,69
tm890591,PE,22
tm894858,KW,55
tm895839,IT,11
tm896976,US,2
tm897538,EG,1
tm897771,US,2
tm898169,US,2
tm898180,GB,3
tm898759,US,2
tm902363,AR,12
tm910040,US,2
tm916008,FR,5
tm917036,US,2
tm917846,ZA,37
tm918701,ES,18
tm918704,,26
tm918959,US,2
tm919210,IN,4
tm920599,CA,20
tm922706,US,2
tm926004,US,2
tm932201,TH,46
tm932201,US,2
tm935878,GB,3
tm936519,EG,1
tm938048,,26
tm938186,ZA,37
tm940835,,26
tm941493,CA,20
tm942492,US,2
tm942492,CA,20
tm944561,,26
tm945283,HK,13
tm946718,CA,20
tm946718,LK,107
tm946846,AE,53
tm946846,US,2
tm946846,LB,10
tm950360,CN,54
tm950808,IN,4
tm953122,,26
tm971431,IS,43
tm972010,TW,47
tm97793,EG,1
tm977952,PL,62
tm978401,US,2
tm979073,ID,51
tm979689,US,2
tm980358,US,2
tm983091,US,2
tm98735,,26
tm989205,AR,12
tm990740,US,2
tm993790,US,2
tm993790,MX,27
tm997617,PH,50
tm997728,US,2
tm998678,IN,4
ts19384,US,2
ts20648,JP,9
ts215341,KR,38
ts216593,MX,27
ts216698,GB,3
ts217553,HK,13
ts219049,TW,47
ts220248,US,2
ts220983,KR,38
ts221016,GB,3
ts221293,KR,38
ts221365,ES,18
ts221366,FR,5
ts222363,KR,38
ts222438,JP,9
ts222439,KR,38
ts222838,US,2
ts223062,TH,46
ts223077,US,2
ts223078,US,2
ts223454,TH,46
ts223530,KR,38
ts223548,US,2
ts223690,CN,54
ts224164,GB,3
ts224198,KR,38
ts224440,FR,5
ts224746,AR,12
ts224786,CO,30
ts224794,US,2
ts224956,IO,70
ts225328,GB,3
ts225379,KR,38
ts225460,DE,17
ts225460,AT,49
ts225513,BR,23
ts225647,KR,38
ts225669,JP,9
ts225860,NO,24
ts225867,GB,3
ts227385,US,2
ts23353,SG,74
ts235672,IN,4
ts236033,US,2
ts236197,CA,20
ts236619,US,2
ts236685,ES,18
ts237014,CO,30
ts237239,CO,30
ts237304,US,2
ts237488,ZA,37
ts237499,PL,62
ts237773,IT,11
ts241460,SA,45
ts241854,JP,9
ts245653,MX,27
ts251157,US,2
ts251420,US,2
ts251477,JP,9
ts251654,EG,1
ts251783,US,2
ts252098,GB,3
ts252977,,26
ts253549,AU,19
ts253685,MY,34
ts254045,US,2
ts254737,CA,20
ts254928,KR,38
ts254956,KR,38
ts254982,GB,3
ts255427,US,2
ts255677,,26
ts256784,US,2
ts256898,DE,17
ts25707,SG,74
ts267956,TR,28
ts268103,KR,38
ts268220,DE,17
ts268283,JP,9
ts268551,KR,38
ts268799,DK,40
ts269085,CL,39
ts269283,IN,4
ts269300,KR,38
ts271005,,26
ts272134,US,2
ts273461,CN,54
ts284862,GB,3
ts285233,MY,34
ts285854,LB,10
ts287532,US,2
ts287804,CO,30
ts297031,US,2
ts297061,SA,45
ts300399,US,2
ts301915,KR,38
ts301964,US,2
ts302434,,26
ts304136,KR,38
ts307884,NG,48
ts308039,DE,17
ts311887,KR,38
ts313689,KR,38
ts314529,,26
ts314647,,26
ts317239,JP,9
ts321254,IN,4
ts326955,IN,4
ts328625,US,2
ts329854,KR,38
ts343404,IN,4
ts346007,US,2
ts346656,US,2
ts44053,CN,54
ts55735,TW,47
ts56544,MY,34
ts57744,KR,38
ts58480,US,2
ts59542,MX,27
ts76949,CA,20
ts78757,US,2
ts81827,US,2
ts81828,US,2
ts82375,JP,9
ts82591,JP,9
ts82770,ES,18
ts83454,TW,47
ts84330,TH,46
ts85236,NG,48
ts86241,,26
ts86360,CN,54
ts89531,,26
ts90448,US,2
ts90568,TH,46
ts90643,KW,55
ts90648,KW,55
ts91125,KR,38
